--Inserting data into District table
insert into district(district_id, district_name) values (1, 'North Goa');
insert into district(district_id, district_name) values (2, 'South Goa');

--Inserting data into Constituency table
insert into constituency(constituency_id, constituency_name, district_id) values(1, 'Mandrem', 1);
insert into constituency(constituency_id, constituency_name, district_id) values(2, 'Pernem', 1);
insert into constituency(constituency_id, constituency_name, district_id) values(3, 'Bicholim', 1);
insert into constituency(constituency_id, constituency_name, district_id) values(4, 'Tivim', 1);
insert into constituency(constituency_id, constituency_name, district_id) values(5, 'Mapusa', 1);
insert into constituency(constituency_id, constituency_name, district_id) values(6, 'Siolim', 1);
insert into constituency(constituency_id, constituency_name, district_id) values(7, 'Saligao', 1);
insert into constituency(constituency_id, constituency_name, district_id) values(8, 'Calangute', 1);
insert into constituency(constituency_id, constituency_name, district_id) values(9, 'Porvorim', 1);
insert into constituency(constituency_id, constituency_name, district_id) values(10, 'Aldona', 1);
insert into constituency(constituency_id, constituency_name, district_id) values(11, 'Panaji', 1);
insert into constituency(constituency_id, constituency_name, district_id) values(12, 'Taleigao', 1);
insert into constituency(constituency_id, constituency_name, district_id) values(13, 'Santa Cruz', 1);
insert into constituency(constituency_id, constituency_name, district_id) values(14, 'St. Andre', 1);
insert into constituency(constituency_id, constituency_name, district_id) values(15, 'Cumbarjua', 1);
insert into constituency(constituency_id, constituency_name, district_id) values(16, 'Maem', 1);
insert into constituency(constituency_id, constituency_name, district_id) values(17, 'Sanquelim', 1);
insert into constituency(constituency_id, constituency_name, district_id) values(18, 'Poriem', 1);
insert into constituency(constituency_id, constituency_name, district_id) values(19, 'Valpoi', 1);
insert into constituency(constituency_id, constituency_name, district_id) values(20, 'Priol', 1);
insert into constituency(constituency_id, constituency_name, district_id) values(21, 'Ponda', 2);
insert into constituency(constituency_id, constituency_name, district_id) values(22, 'Siroda', 2);
insert into constituency(constituency_id, constituency_name, district_id) values(23, 'Marcaim', 2);
insert into constituency(constituency_id, constituency_name, district_id) values(24, 'Mormugao', 2);
insert into constituency(constituency_id, constituency_name, district_id) values(25, 'Vasco Da Gama', 2);
insert into constituency(constituency_id, constituency_name, district_id) values(26, 'Dabolim', 2);
insert into constituency(constituency_id, constituency_name, district_id) values(27, 'Cortalim', 2);
insert into constituency(constituency_id, constituency_name, district_id) values(28, 'Nuvem', 2);
insert into constituency(constituency_id, constituency_name, district_id) values(29, 'Curtorim', 2);
insert into constituency(constituency_id, constituency_name, district_id) values(30, 'Fatorda', 2);
insert into constituency(constituency_id, constituency_name, district_id) values(31, 'Margao', 2);
insert into constituency(constituency_id, constituency_name, district_id) values(32, 'Benaulim', 2);
insert into constituency(constituency_id, constituency_name, district_id) values(33, 'Navelim', 2);
insert into constituency(constituency_id, constituency_name, district_id) values(34, 'Cuncolim', 2);
insert into constituency(constituency_id, constituency_name, district_id) values(35, 'Velim', 2);
insert into constituency(constituency_id, constituency_name, district_id) values(36, 'Quepem', 2);
insert into constituency(constituency_id, constituency_name, district_id) values(37, 'Curchorem', 2);
insert into constituency(constituency_id, constituency_name, district_id) values(38, 'Sanvordem', 2);
insert into constituency(constituency_id, constituency_name, district_id) values(39, 'Sanguem', 2);
insert into constituency(constituency_id, constituency_name, district_id) values(40, 'Canacona', 2);

-- Inserting data into Part table
INSERT INTO part(part_id, constituency_part_no, part_name, constituency_id, district_id) VALUES
                     (1,1,'Government Primary School\, Tiracol',1,1),
                     (2,2,'Government Primary School Talwada Querim',1,1),
                     (3,3,'Government Primary School Talwada Querim',1,1),
                     (4,4,'Government Primary School Madhalawada Querim',1,1),
                     (5,5,'Government Primary School Madhalawada Querim',1,1),
                     (6,6,'Government Primary School Madhalawada Paliem',1,1),
                     (7,7,'Government Primary School Madhalawada Paliem',1,1),
                     (8,8,'Government Primary School Bhandarwada Paliem',1,1),
                     (9,9,'Our Lady Of Mount Carmel High School Madhalawada Arambol',1,1),
                     (10,10,'Our Lady Of Mount Carmel High School Madhalawada Arambol',1,1),
                     (11,11,'Pancha Croshi Sangeet Vidhyalaya\, Arambol',1,1),
                     (12,12,'Gramin Vachanalaya Arambol',1,1),
                     (13,13,'Government Primary School Parsekarwada Arambol',1,1),
                     (14,14,'Government Primary School Deulwada Arambol',1,1),
                     (15,15,'Handloom Training Centre Girkarwada Arambol',1,1),
                     (16,16,'Government Primary School Sawantwada Mandrem',1,1),
                     (17,17,'Government Primary School Dandoswada\, Mandrem',1,1),
                     (18,18,'Government Primary School Junaswada Mandrem',1,1),
                     (19,19,'Government Primary School Naikwada Mandrem',1,1),
                     (20,20,'Government Primary School Madhalamaj Mandrem',1,1),
                     (21,21,'Government Primary School\,Madhalamaj Mandrem',1,1),
                     (22,22,'Government Primary School Asvewada\, Mandrem',1,1),
                     (23,23,'Government Primary School Deulwada Mandrem',1,1),
                     (24,24,'Jeejamata Bal Vikas Kendra\, Askawada\, Mandrem',1,1),
                     (25,25,'Government Primary School Deulwada Morjim',1,1),
                     (26,26,'Village Panchayat Morjim',1,1),
                     (27,27,'Government Primary School Mardiwada Morjim',1,1),
                     (28,28,'Government Primary School\, Mardiwada Morjim',1,1),
                     (29,29,'Government Primary School Kannaikwada Morjim',1,1),
                     (30,30,'Government Primary School Kannaikwada Morjim',1,1),
                     (31,31,'Government Primary School Pokewada\, Morjim',1,1),
                     (32,32,'Government Primary School Kattewada Morjim',1,1),
                     (33,33,'Government Primary School Kattewada Morjim',1,1),
                     (34,34,'Govt. Primary School Chopdem',1,1),
                     (35,35,'Government Primary School Agarwada',1,1),
                     (36,36,'Government Primary School Agarwada',1,1),
                     (37,37,'Government Primary School Chonsai Parcem',1,1),
                     (38,38,'Government Primary School B.D.L Madhalawada\, Parcem',1,1),
                     (39,39,'Goverment Primary School Chawdewada Parcem',1,1),
                     (40,40,'Government Primary School Chawdewada Parcem',1,1),
                     (41,41,'Government Primary School Vaidongar Parcem',1,1),
                     (42,42,'Government Primary School\, Harmalkarwada Tuem',1,1),
                     (43,43,'Government Primary Middle School Gaonkarwada\, Tuem',1,1),
                     (44,44,'Government Primary School Bandarwada Tuem',1,1),
                     (45,45,'Government Primary School Virnora',1,1),
                     (46,46,'Government Primary School Virnora',1,1),
                     (47,1,'Govt. Primary School\, Manshiwada\, Corgao',2,1),
                     (48,2,'Govt. Primary School \, Konadi\, Corgao',2,1),
                     (49,3,'Govt. Primary School\, Deusu\, Corgao',2,1),
                     (50,4,'Govt. Primary School\, Deulwada\, Corgao',2,1),
                     (51,5,'Govt. Primary School\, Deulwada\, Corgao',2,1),
                     (52,6,'Govt. Primary School\, Bhatwadi\, Corgao',2,1),
                     (53,7,'Govt. Primary School\, Bhaidwada\, Corgao',2,1),
                     (54,8,'Govt. Primary School\, Pethechawada Corgao',2,1),
                     (55,9,'Govt. Primary School\, Pethechawada Corgao',2,1),
                     (56,10,'Govt. Primary School\, Parastem\, Pernem',2,1),
                     (57,11,'Govt. Primary School Bhironda\, Pernem',2,1),
                     (58,12,'Hutatma Manohar Pednekar Govt. Primary School \, Surbanwada\, Pernem',2,1),
                     (59,13,'Asst. District Education Inspector Conference Hall\, Pernem',2,1),
                     (60,14,'Hutama Manohar Pednekar Govt.Primary School \, Surbanwada\, Pernem',2,1),
                     (61,15,'Government Higher Secondary School\, Pernem',2,1),
                     (62,16,'Govt. Primary School\, Naibag',2,1),
                     (63,17,'Government Primary & Middle School\, Poroscadem',2,1),
                     (64,18,'Govt. Primary School\, Bhatpauni',2,1),
                     (65,19,'Govt. Primary School\, Uguem',2,1),
                     (66,20,'Govt. Primary School\, Uguem',2,1),
                     (67,21,'Govt. Primary School\, Tamboxem',2,1),
                     (68,22,'Govt. Primary School \, Parabwada\, Torxem',2,1),
                     (69,23,'Govt. Primary School \, Parabwada\, Torxem',2,1),
                     (70,24,'Shahid Karnal Singh Banipal Government Primary School Patradevi Torxem',2,1),
                     (71,25,'Govt. Primary & Middle School\, Gauthanwada\, Mopa',2,1),
                     (72,26,'Government Primary & Middle School Varkhand',2,1),
                     (73,27,'Government Primary & Middle School Varkhand',2,1),
                     (74,28,'Government Primary & Middle School\, Nagzar',2,1),
                     (75,29,'Govt. Primary School\, Malpem',2,1),
                     (76,30,'Govt. Primary School\, Malpem',2,1),
                     (77,31,'Govt. Primary School\, Oxelbag\, Dhargal',2,1),
                     (78,32,'Govt. Primary School\, Arabo\, Dhargal',2,1),
                     (79,33,'Govt. Primary School\, Dhareshwar\, Dhargal',2,1),
                     (80,34,'Govt. Primary School\, Deulwada\, Dhargal',2,1),
                     (81,35,'Govt. Primary School Chinchulawada\, Dhargal',2,1),
                     (82,36,'Government Primary & Middle School\, Dadachiwadi\, Dhargal',2,1),
                     (83,37,'Govt. Primary School\, Gothanwada Ozari',2,1),
                     (84,38,'Government Primary School Madkaiwada Ozorim',2,1),
                     (85,39,'Govt. Primary And Middle School\, Casarvarnem',2,1),
                     (86,40,'Govt. Primary And Middle School\, Casarvarnem',2,1),
                     (87,41,'Govt. Primary School\, Harijanwada Chandel',2,1),
                     (88,42,'Govt. Primary & Middle School\, Hassapur',2,1),
                     (89,43,'Govt. Primary & Middle School\, Alorna',2,1),
                     (90,44,'Govt. Primary & Middle School\, Talarna',2,1),
                     (91,45,'Govt. Primary & Middle School\, Talarna',2,1),
                     (92,46,'Govt. Primary School\, Hankhane',2,1),
                     (93,47,'Govt. Primary School\, Ibrampur',2,1),
                     (94,48,'Govt. Primary School\, Ibrampur',2,1),
                     (95,1,'Govt. Primary & Middle School Advalpal Gaonkarwada',3,1),
                     (96,2,'Govt. Primary & Middle School Advalpal Gaonkarwada',3,1),
                     (97,3,'Govt. Primary School Near Mauli Temple \, Mencurem',3,1),
                     (98,4,'Govt. Primary School Near Mauli Temple \, Mencurem',3,1),
                     (99,5,'Govt. Primary School\, Dhumacem',3,1),
                     (100,6,'Govt. Primary School Vailowado \, Salem',3,1),
                     (101,7,'Govt. Primary School Vailowado \, Salem',3,1),
                     (102,8,'Govt. High School\, Salem',3,1),
                     (103,9,'Govt. Primary School\, Kholpewadi\, Salem',3,1),
                     (104,10,'Govt. Primary School\, Deulwada\, Vadaval\, Latambarcem',3,1),
                     (105,11,'Govt. Primary School\, Dodamarg',3,1),
                     (106,12,'Govt. Primary School\, Kharpal',3,1),
                     (107,13,'Govt. Primary School\, Kasarpal',3,1),
                     (108,14,'Govt. Primary & Middle School\, Nanoda',3,1),
                     (109,15,'Govt. Primary School\, Usap',3,1),
                     (110,16,'Govt. Primary & Middle School\, Nanoda',3,1),
                     (111,17,'Govt. Primary School\, Ladfem',3,1),
                     (112,18,'Zonal Agriculture Office\, Bicholim',3,1),
                     (113,19,'Goa I.D.C Office\, Bicholim',3,1),
                     (114,20,'Goa I.D.C Hall\, Bicholim',3,1),
                     (115,21,'Govt. Primary School\, Bazarpeth\, Bicholim',3,1),
                     (116,22,'Govt. Primary School\, Bazarpeth\, Bicholim',3,1),
                     (117,23,'Radhakrishna High School\, Bicholim',3,1),
                     (118,24,'Radhakrishna High School\, Bicholim',3,1),
                     (119,25,'Reading Room\, Bicholim Muncipal Council',3,1),
                     (120,26,'Govt. Primary School\, Katarwada\, Bicholim',3,1),
                     (121,27,'Govt. Primary School Lamgao',3,1),
                     (122,28,'Govt. Primary School Lamgao',3,1),
                     (123,29,'Shree Shantadurga High School Bicholim',3,1),
                     (124,30,'Shree Shantadurga High School Bicholim',3,1),
                     (125,31,'Fiering Force\, (Guard Office)\, Lakherem\, Bordem\, Bicholim',3,1),
                     (126,32,'Govt. Primary School\, New School Building Wadachawada\, Bordem',3,1),
                     (127,33,'Sarva Shiksha Abhiyan Hall\, Bordem',3,1),
                     (128,34,'Govt. Primary School\,Wadacha Wada',3,1),
                     (129,35,'Shri Shantadurga Higher Secondary School\, Bordem',3,1),
                     (130,36,'Shri Shantadurga Higher Secondary School\, Bordem',3,1),
                     (131,37,'Industrial Training Institute\, Valshi\, Bordem\, Bicholim',3,1),
                     (132,38,'Govt. Primary School\, Gaonkarwada Mulgao',3,1),
                     (133,39,'Govt. Primary & Middle School\, Shirodwadi',3,1),
                     (134,40,'Govt. Primary & Middle School\, Shirodwadi',3,1),
                     (135,41,'Govt. Primary School\, Bagwada\, Mulgao',3,1),
                     (136,1,'Govt. Primary School\, Khairat\, Camurlim',4,1),
                     (137,2,'Govt. Primary School\, Vagali\, Camurlim',4,1),
                     (138,3,'Village Panchayt\, Camurlim',4,1),
                     (139,4,'Office of Talathi\, Camurlim',4,1),
                     (140,5,'Mahatma Jyotiba Phule High School\, Mushir Wado\, Colvale',4,1),
                     (141,6,'Govt. Primary School\, Chicalim\, Colvale\,',4,1),
                     (142,7,'Govt. Primary School\, Koniwado\, Colvale',4,1),
                     (143,8,'Village Panchayat Building\, Colvale',4,1),
                     (144,9,'Govt. Primary School \,Tarwado\, Colvale',4,1),
                     (145,10,'Govt. Primary School\, Tarvado\, Colvale',4,1),
                     (146,11,'Govt. Primary School\, Mazilwado\, Revora',4,1),
                     (147,12,'Govt. High School\, Nadora\, Revora',4,1),
                     (148,13,'Govt. Primary School\, Mazilwado\, Revora',4,1),
                     (149,14,'Govt. Primary School\, Karkechowal\, Revora',4,1),
                     (150,15,'Govt. Primary School\, Madant\, Nadora',4,1),
                     (151,16,'Govt. Primary School\, Madant\, Nadora',4,1),
                     (152,17,'Shree Shantadurga High School\, Talapwada\, Pirna',4,1),
                     (153,18,'Shree Shantadurga High School\, Talapwada\, Pirna',4,1),
                     (154,19,'Govt. Primary School\, Tanodiwada\, Pirna',4,1),
                     (155,20,'Govt. Primary School\, Kelwado\, Pirna',4,1),
                     (156,21,'Govt. Primary School\, Madel\, Tivim',4,1),
                     (157,22,'Govt. Primary School\, Auchitwado\, Tivim',4,1),
                     (158,23,'Govt. Primary School\, Madel\, Tivim',4,1),
                     (159,24,'Govt.Primary School\, Auchitvado\, Tivim',4,1),
                     (160,25,'Office of Jr. Engineer\, Electricity Dept.\, Tivim',4,1),
                     (161,26,'Office of Asst. Engineer SD II\,WD VIII\,Goa Tilari Irrigation Development Corporation (GTIDC)\,Tivim',4,1),
                     (162,27,'Govt.Primary School\, Auchitwado\, Tivim',4,1),
                     (163,28,'Govt. Primary School\, Cansa\, Tivim',4,1),
                     (164,29,'Govt Primary School\, Cansa\, Tivim',4,1),
                     (165,30,'Govt. Primary School\, Sirsaim',4,1),
                     (166,31,'Govt. Primary School\, Sirsaim',4,1),
                     (167,32,'Govt. Primary School\, Sirsaim',4,1),
                     (168,33,'St. Clara High School\, Assonora',4,1),
                     (169,34,'St. Clara High School\, Assonora',4,1),
                     (170,35,'Village Panchayat \, Assonora',4,1),
                     (171,36,'Village Panchayat \, Assonora',4,1),
                     (172,37,'Govt. Primary School\, Moitem\, Assonora',4,1),
                     (173,38,'Govt. Primary School\, Moitem\, Assonora',4,1),
                     (174,1,'Government Primary School Near Datta Mandir\, Cunchelim Mapusa',5,1),
                     (175,2,'Government Primary School Near Datta Mandir\, Cunchelim Mapusa',5,1),
                     (176,3,'Government Primary School Near Datta Mandir\, Cunchelim Mapusa',5,1),
                     (177,4,'Government Primary School Xelpem Duler Mapusa',5,1),
                     (178,5,'Government Primary School Xelpem Duler Mapusa',5,1),
                     (179,6,'Government Primary School Xelpem\, Duler Mapusa',5,1),
                     (180,7,'Government Primary School Xelpem Duler Mapusa',5,1),
                     (181,8,'Zonal Agricultural Office\, Duler Mapusa',5,1),
                     (182,9,'Zonal Agricultural Office\, Duler Mapusa',5,1),
                     (183,10,'Government Primary School\,Karaswada Mapusa',5,1),
                     (184,11,'Government Primary School\,Karaswada Mapusa',5,1),
                     (185,12,'St.Antony High School\, Duler Mapusa',5,1),
                     (186,13,'St.Anthony High School\, Duler Mapusa',5,1),
                     (187,14,'Gundu Sitaram Amonkar Vidhyamandir\, Feira Alto Mapusa',5,1),
                     (188,15,'Gundu Sitaram Amonkar Vidhyamandir\, Feira Alto\, Mapusa',5,1),
                     (189,16,'St. Mary''s Primary School\, Feira Alto\, Mapusa Goa',5,1),
                     (190,17,'St. Mary''s Primary School\, Feira Alto Mapusa Goa',5,1),
                     (191,18,'Janata High School \, Gaunsawado\, Mapusa',5,1),
                     (192,19,'Janata High School\, Gaunsawado\, Mapusa',5,1),
                     (193,20,'Janata High School \,Gaunsawado Mapusa',5,1),
                     (194,21,'Govt. Primary School Ansabhat Mapusa',5,1),
                     (195,22,'ADEI North Zone Ansabhat \,Mapusa',5,1),
                     (196,23,'Duty Officer''s Room\, O/o Fire Services\, Ansabhat\, Mapusa',5,1),
                     (197,24,'Electricity Dept. Building\,Ansabhat\, Mapusa',5,1),
                     (198,25,'Electricity Dept. Building\,Ansabhat\, Mapusa',5,1),
                     (199,26,'Higher Secondary School At St.Xavier''s College\,Mapusa',5,1),
                     (200,27,'Higher Secondary School At St.Xavier''s College\,Mapusa',5,1),
                     (201,28,'Higher Secondary School At St.Xavier''s College Mapusa\, H.S.S Hall of Arts Building\, Mapusa',5,1),
                     (202,29,'Purushottam Walawalkar H.S. School\, Sundarabai Anant Kamat Lecture HallKhorlim Mapusa',5,1),
                     (203,30,'Purushottam Walawalkar H.S. School\,Ratnabai V.Naique Burye Lecture Hall Khorlim Mapusa',5,1),
                     (204,31,'Purushottam Walawalkar H.S.School-Dr.Balkrishna G.S.Cuvelkar lecture Hall Khorlim Mapusa',5,1),
                     (205,32,'Saraswat Vidyalay Khorlim Mapusa',5,1),
                     (206,33,'Saraswat Vidyalay Khorlim Mapusa',5,1),
                     (207,34,'Saraswat Vidalay''s Pre Primary Khorlim Mapusa',5,1),
                     (208,35,'Saraswat Vidalay''s Pre Primary Khorlim Mapusa',5,1),
                     (209,36,'Saraswat Vidalay''s Pre Primary Khorlim Mapusa',5,1),
                     (210,37,'Purushottam Walawalkar H.S. School of Arts\, Science & Comm\, Khorlim Mapusa (Vocational Room)',5,1),
                     (211,38,'Govt. Primary School Khorlim\, Mapusa',5,1),
                     (212,39,'Government Primary School\, Khorlim Mapusa',5,1),
                     (213,40,'Government Primary School\, Khorlim Mapusa',5,1),
                     (214,41,'Conference Hall\, Govt Office Complex\, Morod Mapusa',5,1),
                     (215,42,'Conference Hall\, Govt Office Complex\, Morod Mapusa',5,1),
                     (216,1,'Govt.Primary School Chopdem Oxel Siolim',6,1),
                     (217,2,'Govt.Primary School Bamanvado\, Oxel',6,1),
                     (218,3,'Govt. Primary Schoo Bamanvado Oxel',6,1),
                     (219,4,'Govt. Primary School\, Chopdem Oxel',6,1),
                     (220,5,'Village Panchayat Office siolim',6,1),
                     (221,6,'St. Francis Xavier''s High School\, Siolim',6,1),
                     (222,7,'Govt. Primary School New Dando\, Siolim',6,1),
                     (223,8,'Govt. Primary School Bamanvado\, Siolim',6,1),
                     (224,9,'Govt. Primary School Bamanvado\, Siolim',6,1),
                     (225,10,'Kirti Vidhyalaya Siolim',6,1),
                     (226,11,'Kirti Vidhyalaya Siolim',6,1),
                     (227,12,'Kirti Vidhyalaya\, Siolim',6,1),
                     (228,13,'Govt. Primary School Guddem siolim',6,1),
                     (229,14,'Holy Cross Convent High School Siolim',6,1),
                     (230,15,'Holy Cross Convent High School siolim',6,1),
                     (231,16,'Govt. Primary School Tropa sodiem siolim',6,1),
                     (232,17,'Govt. Primary School Tropa Sodiem Siolim',6,1),
                     (233,18,'Wood Craft Training Centre Siolim',6,1),
                     (234,19,'Wood Craft Training Centre Siolim',6,1),
                     (235,20,'Govt. Primary School Chapora Anjuna',6,1),
                     (236,21,'Govt. Primary School Huddo Chapora',6,1),
                     (237,22,'Govt. Primary School Chapora',6,1),
                     (238,23,'Govt. Primary School Chapora',6,1),
                     (239,24,'Sacred Heart High School Anjuna',6,1),
                     (240,25,'Sacred Heart High School Anjuna',6,1),
                     (241,26,'Govt. Priamary School Bandirwado Anjuna',6,1),
                     (242,27,'Village Panchayat Office Gavadi Anjuna',6,1),
                     (243,28,'Govt. Primary School Mazalwado Anjuna',6,1),
                     (244,29,'Govt. Priamary School Mazalwado Anjuna',6,1),
                     (245,30,'Govt. Priamary School Anjuna Chiwar',6,1),
                     (246,31,'Govt. Primary School Munong Assagao',6,1),
                     (247,32,'Govt. Primary School Munong Assagao',6,1),
                     (248,33,'Govt. Primary School Badem Assagao',6,1),
                     (249,34,'Govt. Primary School Badem Assagao',6,1),
                     (250,35,'Dr. August Souza High School Assagao',6,1),
                     (251,36,'Dr. August Souza High School Assagao',6,1),
                     (252,37,'Don Bosco Youth Welfare Center Verla',6,1),
                     (253,38,'Village Panchayat Office Verla',6,1),
                     (254,39,'Govt. Primary School Lopeswado verla',6,1),
                     (255,40,'Sacred Heart High School Verla',6,1),
                     (256,41,'Sacred Heart High School Canca',6,1),
                     (257,42,'Sacred Heart High School Canca',6,1),
                     (258,43,'Govt. Primary School Canca bandh',6,1),
                     (259,44,'Govt. Primary School Canca bandh',6,1),
                     (260,1,'Government Primary School\, Namaoshi Guirim',7,1),
                     (261,2,'Govt Primary School\, Namoshi Gurim',7,1),
                     (262,3,'Govt Primary School\, Namoshi Guirim',7,1),
                     (263,4,'Government High School\, Namoshi Guirim',7,1),
                     (264,5,'Government Primary School\, Aradi Monte Guirim',7,1),
                     (265,6,'Govt. Primary School\, Aradi Monte Guirim',7,1),
                     (266,7,'Village Panchayat Office\, Guirim',7,1),
                     (267,8,'Govt. primary school old building Cottula Saligao',7,1),
                     (268,9,'Govt. Primary School Near New Building\, Cottula Saligao',7,1),
                     (269,10,'Government Primary School Near New Building\, Cottula Saligao',7,1),
                     (270,11,'Sub-Health Centre\, Saligao',7,1),
                     (271,12,'Communidade Building\, Saligao',7,1),
                     (272,13,'Lourdes Convent Hall\, Saligao',7,1),
                     (273,14,'Lourdes Convent Hall\, Saligao',7,1),
                     (274,15,'Comunidade Building\, Chawdi Sangolda',7,1),
                     (275,16,'Village Panchayat Office\, Sangolda',7,1),
                     (276,17,'Village Panchayat Office\, Sangolda',7,1),
                     (277,18,'Govt. Primary School\,Sangolda',7,1),
                     (278,19,'Govt. Primary School\, Savlem Pilerne',7,1),
                     (279,20,'Govt. Primary School\, Moica Waddo',7,1),
                     (280,21,'Govt. Primary School\, Moica Waddo',7,1),
                     (281,22,'Jnyan Vikas High School\, Pilerne',7,1),
                     (282,23,'Jnyan Vikas High School\, Pilerne',7,1),
                     (283,24,'Govt. Primary School\, Mainem Pilerne',7,1),
                     (284,25,'Village Panchayat\, Reis-Magos',7,1),
                     (285,26,'Dayanand Bandodkar High School\,Reis Magos',7,1),
                     (286,27,'Dayanand Bandodkar High School\,Reis Magos',7,1),
                     (287,28,'Govt Primary School\, Sonarbhat Reis-Magos',7,1),
                     (288,29,'Govt Primary School\, Sonarbhat Reis-Magos',7,1),
                     (289,30,'Old Police Betim Police Out Post\, Reis-Magos',7,1),
                     (290,31,'River Navigation Office\, Penha De France',7,1),
                     (291,32,'River Navigation Office\, Penha De France',7,1),
                     (292,33,'River Navigation Office\, Penha De France',7,1),
                     (293,34,'Village Panchayat Office\, Nerul',7,1),
                     (294,35,'Kisan Shikshan Saustha Pragati High School\, Nerul',7,1),
                     (295,36,'Our Lady of Remedious High School\, Tithavado\, Nerul',7,1),
                     (296,37,'Our Lady of Remedious High School\, Tithavado\, Nerul',7,1),
                     (297,38,'Our Lady of Remedious High School\, Tithavado\, Nerul',7,1),
                     (298,39,'Govt. Primary School\, Tithavado\, Nerul',7,1),
                     (299,1,'Village Panchayat\, Parra',8,1),
                     (300,2,'Govt. Primary School\, Parra',8,1),
                     (301,3,'Govt. Primary School\, Parra',8,1),
                     (302,4,'Health Center\, Parra',8,1),
                     (303,5,'Communadidade \, Parra',8,1),
                     (304,6,'Govt. Primary School Arpora\,',8,1),
                     (305,7,'Govt. Primary School Arpora\,',8,1),
                     (306,8,'St. Joseph High school\, Viegas Vaddo\, Arpora',8,1),
                     (307,9,'Govt.Primary School Arraisvaddo\, Nagoa\,',8,1),
                     (308,10,'Govt.Primary School Arraisvaddo\, Nagoa\,',8,1),
                     (309,11,'Govt. Primary School Sautawaddo\,',8,1),
                     (310,12,'Govt. Primary School Sautowaddo\,',8,1),
                     (311,13,'Govt. Primary School Sautawaddo\, (Central Wing)',8,1),
                     (312,14,'Calangute Association Building',8,1),
                     (313,15,'Calangute Association Building ( Block 2)',8,1),
                     (314,16,'Don Bosco High School \, Calangute',8,1),
                     (315,17,'Don Bosco High School\, Calangute',8,1),
                     (316,18,'Govt. Primary School\, Naikawaddo',8,1),
                     (317,19,'Govt. Primary School Naikawaddo',8,1),
                     (318,20,'St. Joseph High School\,',8,1),
                     (319,21,'Don Bosco High School \, Calangute',8,1),
                     (320,22,'Calangute Association Building',8,1),
                     (321,23,'St. Joseph High School \, Tiwai Vaddo',8,1),
                     (322,24,'Govt. Primary School \, Naika Waddo\,Calangute',8,1),
                     (323,25,'Institute of Provedoria',8,1),
                     (324,26,'Govt. Primary School Abe De Faria Pintos Vaddo\,',8,1),
                     (325,27,'Govt. Primary School Abe De Faria Pintos Vaddo\,',8,1),
                     (326,28,'Institute of Provedoria',8,1),
                     (327,29,'St. Teresa High School\, Confraria\, Candolim',8,1),
                     (328,30,'Govt. Primary School Orda',8,1),
                     (329,31,'St. Teresa High School\, Confraria\, Candolim',8,1),
                     (330,32,'Govt. Primary School Saipem',8,1),
                     (331,33,'Govt. Primary School Dando',8,1),
                     (332,34,'Govt. Primary School Dando',8,1),
                     (333,1,'Vaadem V.P. Library\,Soccoro - Porvorim',9,1),
                     (334,2,'Govt.Primery School Carrem\, Socorro - Porvorim',9,1),
                     (335,3,'Govt. Primery School Carrem\, Socorro - Porvorim',9,1),
                     (336,4,'Govt. Primary School Carrem\,Socorro-Porvorim',9,1),
                     (337,5,'Govt. Primary School Carrem\,Socorro-Porvorim',9,1),
                     (338,6,'Holy Family High School\,Socorro',9,1),
                     (339,7,'Holy Family High School \,Socorro',9,1),
                     (340,8,'Holy Family High School Socorro-porvorim',9,1),
                     (341,9,'Holy Family High School Socorro-porvorim',9,1),
                     (342,10,'Govt.Primery School Zoswado\,socorro-Porvorim',9,1),
                     (343,11,'Govt. Primery School Zoswado\,Socorro-Porvorim',9,1),
                     (344,12,'Asst. Eng Electricity Dept. sub Div-II \, Porvorim.',9,1),
                     (345,13,'Asst. Eng Electricity Dept. sub Div-II \, Porvorim.',9,1),
                     (346,14,'Govt. Primary School Paitona\,Porvorim',9,1),
                     (347,15,'Govt. Primary School Paitona\,Porvorim',9,1),
                     (348,16,'Alto Porvorim Sports and Cultural Club',9,1),
                     (349,17,'Govt. Primary School\, Quitla Porvorim',9,1),
                     (350,18,'Govt. Primary School\, Quitla Porvorim',9,1),
                     (351,19,'Sunandabai Bandodkar High School\, Umbra-Porvorim',9,1),
                     (352,20,'District Institute of Education and training \, Penha de France\,Porvorim',9,1),
                     (353,21,'District Institute of Education and training\, Penha de France\,Porvorim',9,1),
                     (354,22,'District Institute of Education and training \, Penha de France\,Porvorim',9,1),
                     (355,23,'District Institute of Education & Training \,Penha de Franca-Porvorim',9,1),
                     (356,24,'Vidhya Probhodini Higher Secondary Education alto Betim\,Porvorim',9,1),
                     (357,25,'Vidhya Probhodini Higher Secondary Education alto Betim\,Porvorim',9,1),
                     (358,26,'Chamber of Jr.Eng Goa Hsg. Brd Account Section\, Alto Betim-Porvorim',9,1),
                     (359,27,'Admn Section of Goa Hsg Brd Account Section\, Alto Betim-Porvorim',9,1),
                     (360,28,'Admin Section of Goa Hsg. Brd \, Alto Betim-Porvorim',9,1),
                     (361,29,'Dattaram Chopdekar Memorial High School',9,1),
                     (362,30,'Sanjay School (North wing office Premises)Alto Betim',9,1),
                     (363,31,'Sanjay School (South wing office Premises)Alto Betim',9,1),
                     (364,32,'Village Panchayat Office\, Panha de France',9,1),
                     (365,33,'Maritime school Building Virlosa',9,1),
                     (366,34,'Maritime school Building Virlosa',9,1),
                     (367,35,'Maritime school Building Virlosa',9,1),
                     (368,36,'Govt. Primary School\, Betim',9,1),
                     (369,37,'Govt. Primary School\, Betim',9,1),
                     (370,38,'Govt. Primary School\, Betim',9,1),
                     (371,1,'Govt. Primary School Kamarkhajan',10,1),
                     (372,2,'Govt. Primary School\, Kamarkhazan',10,1),
                     (373,3,'Sport Complex New Building\, Peddem\, Mapusa\,',10,1),
                     (374,4,'Sport Complex New Building\, Peddem\, Mapusa\,',10,1),
                     (375,5,'Industrial training institute instructors room\, Peddem\, Mapusa\, ( east wings)',10,1),
                     (376,6,'Industrial training institute instructors room Peddem\, Mapusa\, ( West wings)',10,1),
                     (377,7,'Govt. Technical High school\,Moira',10,1),
                     (378,8,'Govt. Technical High school\, Moira',10,1),
                     (379,9,'St. Xaviers High School\, Moira',10,1),
                     (380,10,'St.Xavier High School\,Moira',10,1),
                     (381,11,'Moira Club\, Moira',10,1),
                     (382,12,'Govt Primary School \, Bharvanwado',10,1),
                     (383,13,'Govt Primary School\,Bharwanwado',10,1),
                     (384,14,'V.P. Office\,Nachinola',10,1),
                     (385,15,'Govt. Primary School\, Boa Vista',10,1),
                     (386,16,'Govt. Primary School Boa Vista\,',10,1),
                     (387,17,'Village Panchayat Office\, Bastora',10,1),
                     (388,18,'Office of the Talathi of Bastora Village Panchayat\, Bastora',10,1),
                     (389,19,'Comunidade \, Ucassaim',10,1),
                     (390,20,'Govt. Primary School\, Kuttawada',10,1),
                     (391,21,'Govt. Primary School\, Paliem',10,1),
                     (392,22,'Village Panchayat \, Ucassaiem',10,1),
                     (393,23,'Vidhya Prabhoddhini School\, Pomburpa',10,1),
                     (394,24,'St Elizabeth High School\, Pomburpa',10,1),
                     (395,25,'Vidhya Prabhoddhini School\, Pomburpa',10,1),
                     (396,26,'St Elizabeth High School\, Pomburpa',10,1),
                     (397,27,'Govt. Primary School\, Ecoxim',10,1),
                     (398,28,'Govt. Primary School\, Ecoxim',10,1),
                     (399,29,'Auxillium School\, Aldona',10,1),
                     (400,30,'Auxillium School\,Aldona',10,1),
                     (401,31,'V.P. Office Aldona',10,1),
                     (402,32,'Govt. Primary School\, Cotarbhat',10,1),
                     (403,33,'Govt. Primary School\, Cotarbhat',10,1),
                     (404,34,'St.Thomas Boys School',10,1),
                     (405,35,'Govt. Primary School\, Quitla',10,1),
                     (406,36,'Govt. Primary School\, Quitla',10,1),
                     (407,37,'Govt. Primary School\, Podwal',10,1),
                     (408,38,'Govt. Primary School\, Podwal',10,1),
                     (409,39,'Govt. Primary School \, Corjuem',10,1),
                     (410,40,'Govt. Primary School \, Corjuem',10,1),
                     (411,41,'St.Domnic Savio Sports Club\, Calvim',10,1),
                     (412,1,'Govt. Primary School\, Sao Pedro\, Ribandar',11,1),
                     (413,2,'Govt. Primary School \, Fondvem',11,1),
                     (414,3,'Govt. Primary School\, Fondvem',11,1),
                     (415,4,'Government Primary School Fondvem\, Ribander',11,1),
                     (416,5,'Bal Bharti Vidhya Mandir\, Ribander',11,1),
                     (417,6,'Bal Bharti Vidhya Mandir\, Ribander',11,1),
                     (418,7,'Govt. Primary School\, Massano de Amorim',11,1),
                     (419,8,'Govt. Primary School\, Massano de Amorim',11,1),
                     (420,9,'Govt. Primary School\, Massano de Amorim',11,1),
                     (421,10,'SD IV\, Div VII (NH)\, P.W.D.\, Patto\, Panaji',11,1),
                     (422,11,'Saraswati Vidyalaya\, Mustifund Saunsthan\, Mala',11,1),
                     (423,12,'Mary Immaculate High School\, Front Side\, Panaji',11,1),
                     (424,13,'Govt. Primary School\, Portais',11,1),
                     (425,14,'Institute of Public Assistance\,Provedoria Head Office (Accounts Section)\,Mala\,panaji.',11,1),
                     (426,15,'Directorate of Food & Drugs\, ADM Section\, Altinho\,Panaji.',11,1),
                     (427,16,'Goa State Commisioner for Backward classes\, IPHB (Old)\, Altinho',11,1),
                     (428,17,'Govt. Primary School\, Portais',11,1),
                     (429,18,'Directorate of Archieves & Archeology\, Altinho',11,1),
                     (430,19,'Massano de Amorim Library hall\, Next to Primary Health Centre\, Panaji',11,1),
                     (431,20,'Office of Directorate of Education\, Panaji',11,1),
                     (432,21,'Office of the Chief Conservator of Forests\, Dayanand Smriti \, Panaji',11,1),
                     (433,22,'Goa College of Pharmacy\, Room No.1.\, Panaji',11,1),
                     (434,23,'Municipal Library\, Behind Dr. Bhatkule\, St.Inez',11,1),
                     (435,24,'Goa College of Pharmacy\, Room No.2\, Panaji',11,1),
                     (436,25,'Dr. T.B. Cunha Higher Secondary School\, Campal',11,1),
                     (437,26,'Dr. T.B. Cunha Higher Secondary School\, Campal',11,1),
                     (438,27,'Goa College of Home Science\, Campal',11,1),
                     (439,28,'P.W.D Work Division IV\, Tonca',11,1),
                     (440,29,'Directorate of Agriculture\, Krishi Bhavan\, Tonca',11,1),
                     (441,30,'Dhempe college of Arts and Science\,\, Hall No.3\, Miramar',11,1),
                     (442,1,'Govt. Primary School\, \,Chincholem\,Tiswadi-Goa',12,1),
                     (443,2,'Govt. Primary School\, Chincholem\,Tiswadi-Goa',12,1),
                     (444,3,'Happy Kids Nursery and Primary School \,St. Inez\, Panaji-Goa',12,1),
                     (445,4,'Happy Kids Nursery and Primary School \,St. Inez\, Panaji-Goa',12,1),
                     (446,5,'Office of the Asstistant Engineer-I\, WD-III (PHE)\,PWD \,Staff Room\,St. Inez\,Panaji-Goa',12,1),
                     (447,6,'Assistant Engineer- II\, WD-III (PHE)\, PWD\, Tonca\, Caranzalem - Goa.',12,1),
                     (448,7,'Office of the Assistant Engineer-I\, WD-III(PHE)\, PWD(J. E. Room) St. Inez\,Panaji-Goa',12,1),
                     (449,8,'Telephone Exchange Building\,Miramar-Goa',12,1),
                     (450,9,'Auxillium High School\,Caranzalem-Goa',12,1),
                     (451,10,'Auxillium High School\, Caranzalem-Goa',12,1),
                     (452,11,'Auxillium High School \, Caranzalem-Goa',12,1),
                     (453,12,'Peace Heaven Home & School for the Mentally Challenged Children\,Caranzalem-Goa',12,1),
                     (454,13,'Clube Sao Miguel De Taleigao',12,1),
                     (455,14,'Office of the Communidade De Taleigao\,Tiswadi Goa',12,1),
                     (456,15,'Our Lady Of Rosary High School\, Dona Paula-Goa',12,1),
                     (457,16,'Govt. Primary & High School \,Dona Paula-Goa',12,1),
                     (458,17,'Govt. Primary & High School\,Dona Paula-Goa',12,1),
                     (459,18,'Our Lady Of Rosary High School\, Dona Paula-Goa',12,1),
                     (460,19,'Our Lady Of Rosary High School\,Dona Paula-Goa',12,1),
                     (461,20,'Govt. Primary School\,Odxel\,Tiswadi-Goa',12,1),
                     (462,21,'Goa University Telephone Exchange\,BSNL\,Dona Paula-Goa',12,1),
                     (463,22,'Casa Do Povo De Taleigao\, Old Village Panchayat Office\,Taleigao-Goa',12,1),
                     (464,23,'Office of the Assistant Engineer\,Electricity Department\,SD-IV\, Queunem-Taleigao-Goa',12,1),
                     (465,24,'Office of the Assistant Engineer\,Electricity Department\,SD-IV\, Queunem-Taleigao -Goa',12,1),
                     (466,25,'Office of the Assistant Engineer\, Electricity Department\, SD-IV\, Queunem-Taleigao',12,1),
                     (467,26,'Govt. Primary School\, Nagali-Taliegao-Goa',12,1),
                     (468,27,'Govt. Primary School\, Nagali\,Taleigao-Goa',12,1),
                     (469,28,'Govt. Primary School\, St.Paul -Taleigao -Goa',12,1),
                     (470,29,'Govt. Primary School \,St.Paul-Taleigao-Goa',12,1),
                     (471,30,'Little Lambs Pre -Primary & Primary & Royale Secondary School\, Sailem\,Taleigao-Goa',12,1),
                     (472,31,'Little Lambs Pre-Primary & Primary & Royale Secondary School \, Sailem \,Taleigao-Goa',12,1),
                     (473,32,'Ideal High School\, Taleigao-Goa',12,1),
                     (474,33,'Ideal High School \,Taleigao-Goa',12,1),
                     (475,34,'Ideal High School\, Taleigao-Goa',12,1),
                     (476,35,'Hamara School\,(Managed by Kasturba Gandhi National Memorial Trust) Goa Branch\,St.Inez',12,1),
                     (477,36,'Office Of the Assistant Engineer-I\,WD-III (PHE)\,PWD (Revenue Section)\,St.Inez\,Panaji Goa',12,1),
                     (478,37,'Govt. Primary School \,Vodlem Bhat\,Taleigao-Goa',12,1),
                     (479,38,'Govt. Primary School \,Vodlem Bhat\,Taleigao-Goa',12,1),
                     (480,39,'Govt. Primary School \,Kamrabhat\, St.Inez\,Tonca- Goa',12,1),
                     (481,40,'Govt.Primary School \,Kamrabhat\, St.Inez\,Tonca-Goa',12,1),
                     (482,41,'O/o the Assistant Engineer-III\, WD-III (PHE)\, PWD\, Tonca\, Caranzalem - Goa.',12,1),
                     (483,1,'Govt. Primary School Manaswada\, Chimbel',13,1),
                     (484,2,'Govt. Primary School\, Manaswada\, Chimbel',13,1),
                     (485,3,'Provedoria Public Assistance Old Age Home',13,1),
                     (486,4,'Village Panchayat Office\, Chimbel',13,1),
                     (487,5,'Village Panchayat Office\, Chimbel',13,1),
                     (488,6,'Goa State Horticulture Corporation\, Chimbel',13,1),
                     (489,7,'Govt.Primary School\, St Barbara\, Chimbel',13,1),
                     (490,8,'Govt.Primary School\, St Barbara\, Chimbel',13,1),
                     (491,9,'Govt. Primary/Middle School\, Kirlawada',13,1),
                     (492,10,'Govt. Primary Middle School Kirlawada',13,1),
                     (493,11,'Govt. Primary Middle School\, Kirlawada',13,1),
                     (494,12,'Sarva Shiksha Abhiyan Premises\,Chimbel',13,1),
                     (495,13,'Home for Women & Child Welfare\, Health & Child Development Centre\, Indira Nagar\, Chimbel',13,1),
                     (496,14,'Chimbel Pre-Primary\, Jhulaghar\, Chimbel',13,1),
                     (497,15,'Govt. Primary School\, Merces\,',13,1),
                     (498,16,'Govt. Primary School \, Merces\,',13,1),
                     (499,17,'Our Lady Of Merces High School',13,1),
                     (500,18,'Our Lady of Merces High School',13,1),
                     (501,19,'Our Lady of Merces High School',13,1),
                     (502,20,'Govt. Middle School Gauchembhat\, Merces\,',13,1),
                     (503,21,'Govt. Middle School\, Gauchem Bhat\, Merces',13,1),
                     (504,22,'Provedoria Building (BSNL Exchange) Devornem\, Merces Goa',13,1),
                     (505,23,'Office of the Superintendent-Cum-Probation Officer\, Apna Ghar\,Merces Goa',13,1),
                     (506,24,'New Building Hall\,\,Apna Ghar\,Merces.',13,1),
                     (507,25,'Govt. Primary School\, Corte De Real\, St. Cruz',13,1),
                     (508,26,'Govt. Primary School\, Corte De Real\, St. Cruz',13,1),
                     (509,27,'Anganwadi center under integrated Child development Service project\,Tiswadi\, St. Cruz',13,1),
                     (510,28,'BSNL\, A Govt. of India Enterprise\, Telephone Exchange\, Bambolim\, Alto St. Cruz.',13,1),
                     (511,29,'St. Cruz High School\, St. Cruz',13,1),
                     (512,30,'St. Cruz High School\, St. Cruz',13,1),
                     (513,31,'Urban Health & Training Centre\, St. Cruz',13,1),
                     (514,32,'Office of National Association for the Blind\, Segundo Bairo\, Calapor \,',13,1),
                     (515,33,'St. Cruz High School\, St. Cruz',13,1),
                     (516,34,'Office of National Association for the Blind\, Segundo Bairo\, Calapor\,',13,1),
                     (517,35,'Village Panchayat Library\, Near Football Ground\, Bondir',13,1),
                     (518,36,'Room No.1\, Near Football Ground\, Bondir\, St. Cruz',13,1),
                     (519,37,'St. Cruz Primary School\, \, St. Cruz',13,1),
                     (520,38,'St. Cruz Primary School\, \, St. Cruz',13,1),
                     (521,39,'Goa University\, Faculty block-A\, Department of Physics\, Cacra',13,1),
                     (522,1,'Govt. Primary & Middle School Curca',14,1),
                     (523,2,'Govt. Primary School. Gawalimoula',14,1),
                     (524,3,'Govt. Primary & Middle School Curca',14,1),
                     (525,4,'Govt. Primary School. Wadwad',14,1),
                     (526,5,'Balwadi Premises\, Arcar',14,1),
                     (527,6,'Govt. Primary School Bambolim',14,1),
                     (528,7,'Govt. Primary School Pirbhat',14,1),
                     (529,8,'P.W.D. Office\, G.M.C. Complex\, Canturlim',14,1),
                     (530,9,'Govt. Primary School. Siridao',14,1),
                     (531,10,'Govt. Primary School. Paliem',14,1),
                     (532,11,'Govt. Primary School.\, Paliem',14,1),
                     (533,12,'V.P. Siridao',14,1),
                     (534,13,'V.P. Ghar Batim (Balwadi)',14,1),
                     (535,14,'Govt. Primary School.\, Gaonkar Waddo',14,1),
                     (536,15,'Govt. Primary School. Maina',14,1),
                     (537,16,'Govt. Primary School.\, Dando',14,1),
                     (538,17,'Office of Provedoria Asst. Public\, Dando',14,1),
                     (539,18,'Govt. Primary School.\, Forgottem',14,1),
                     (540,19,'Govt. Primary School.\, Forgottem',14,1),
                     (541,20,'Popular English High School Forgottem\, Goa Velha',14,1),
                     (542,21,'Peoples House (Casa De Pova) Forgottem',14,1),
                     (543,22,'Govt. Primary School. Agacaim Tryceum Classes\, Mercurim Baixo De Igreja',14,1),
                     (544,23,'Govt. Primary School. Mercurim',14,1),
                     (545,24,'Govt. Primary School.\, Mercurim',14,1),
                     (546,25,'St. Lawrence High School\, Agacaim',14,1),
                     (547,26,'V.P. Office\, Agacaim',14,1),
                     (548,27,'Govt. Primary School. Sulabhat',14,1),
                     (549,28,'Govt. Primary School.\, Mercurim',14,1),
                     (550,29,'Fr. Agnel Central School\, Malwara',14,1),
                     (551,30,'Village Panchayat\, Neura',14,1),
                     (552,31,'GPS Neura -O-Pequen\, Neura',14,1),
                     (553,32,'Govt. Primary School. Igrejwado\,',14,1),
                     (554,33,'Govt. Primary School \,Tito\, Mandur',14,1),
                     (555,34,'Govt. Primary School \, Tito\, Mandur',14,1),
                     (556,35,'Govt. Village Library \,Dongrim Thorlebhat',14,1),
                     (557,36,'Govt. Village Library \,Dongrim Thorlebhat',14,1),
                     (558,37,'V.P. Office Azossim Mandur.',14,1),
                     (559,1,'Govt. Primary School\, Vanxim',15,1),
                     (560,2,'Govt. Primary School\, Malar\, Sao Mathias',15,1),
                     (561,3,'Govt. Primary School\, Naroa\, Sao Mathias',15,1),
                     (562,4,'Village Panchayat Office\, Sao Mathias',15,1),
                     (563,5,'Commudade Office \, Navelim',15,1),
                     (564,6,'Village Panchayat Goltim\, Navelim',15,1),
                     (565,7,'St. Aloysius High School\, Santarbhat',15,1),
                     (566,8,'Govt. Primary School\, Asilo \, Piedade',15,1),
                     (567,9,'Govt. Primary School\, Akhada',15,1),
                     (568,10,'VillagePanchayat Ghar\, St. Estevam',15,1),
                     (569,11,'Office of the Jr. Engineer\, St. Estevam',15,1),
                     (570,12,'St. Thereza High School\, Palmar',15,1),
                     (571,13,'Govt. Primary School\, Polwaddo',15,1),
                     (572,14,'St. Thereza High School\, Palmar',15,1),
                     (573,15,'Govt. Primary School\, Khadapwada',15,1),
                     (574,16,'Govt. Primary School\, Khadapwada',15,1),
                     (575,17,'Govt. Primary School\, Gawantwada',15,1),
                     (576,18,'Govt. Primary School\, Khadapwada (Side )',15,1),
                     (577,19,'Sharada Vidyalaya\, Khadapwada\, Cumbarjua',15,1),
                     (578,20,'Govt. Primary School\, Khadapwada',15,1),
                     (579,21,'House of Smt. Alice Afonso\, Gaundalim',15,1),
                     (580,22,'Office of Z.A.O. Tiswadi\, Ella Farm',15,1),
                     (581,23,'Old Goa Education Institute\, Ella',15,1),
                     (582,24,'Govt. Primary School \, Mollar',15,1),
                     (583,25,'Govt. Primary School\, Ella',15,1),
                     (584,26,'Govt. Primary School\, Ella',15,1),
                     (585,27,'Village Panchayat Office\, Corlim',15,1),
                     (586,28,'Multipurpose Community Hall\, Corlim',15,1),
                     (587,29,'G.I.D.C. Corlim Office Industrial Estate\, Corlim',15,1),
                     (588,30,'Madkaikar Navchaityan High School\, Corlim',15,1),
                     (589,31,'Anganwadi Centre\, Mangado\, Corlim',15,1),
                     (590,32,'Govt. Primary School\, Mangado\, Corlim',15,1),
                     (591,33,'Govt. Primary School\, Dhulapi',15,1),
                     (592,34,'Convent of Jesus & Mary Sarvajanik High School Carambolim',15,1),
                     (593,35,'Govt. Primary School \, Carambolim',15,1),
                     (594,36,'Govt. Primary School \, Carambolim',15,1),
                     (595,37,'Village Panchayat Office\, Carambolim',15,1),
                     (596,38,'Village Panchayat Office\, Dona Maria\, Carambolim',15,1),
                     (597,39,'Communidade \, Carambolim',15,1),
                     (598,1,'Govt. High School Sirigao ( Deulwada)',16,1),
                     (599,2,'Govt. Primary School Sirigao\,(Deulwada)',16,1),
                     (600,3,'Poira High School\, Poira Goa',16,1),
                     (601,4,'Govt. Primary School Sinquerim',16,1),
                     (602,5,'Govt. Primary School ( Karbhat ) Haldanwadi',16,1),
                     (603,6,'Govt. Primary School Gaonkarwada',16,1),
                     (604,7,'Govt. Primary School Kumbharwada',16,1),
                     (605,8,'Govt. Primary School Kelbaiwada',16,1),
                     (606,9,'Govt. Primary School Kelbaiwada',16,1),
                     (607,10,'Govt. Primary School Deus Bhatwadi',16,1),
                     (608,11,'Govt. Primary School Haturli',16,1),
                     (609,12,'Vijayanand Higher Secondary School of Arts and Commerce\, Tikhajan',16,1),
                     (610,13,'Govt. Primary School Vainguinim',16,1),
                     (611,14,'Govt. Primary School Bhavkai',16,1),
                     (612,15,'Govt. Primary School Deugi',16,1),
                     (613,16,'Govt. Primary School Kerem',16,1),
                     (614,17,'Chodan Madel Village Panchayat',16,1),
                     (615,18,'Electricity Department Office of the Jr. Engineer\, Electricity\, Chorao llhas',16,1),
                     (616,19,'Integrated Child Dev. Proj.Ser.Sch.(Anganwadi)\,Chorao',16,1),
                     (617,20,'Govt. Primary School Padavwada',16,1),
                     (618,21,'Govt. Primary School Madel',16,1),
                     (619,22,'Govt. Primary School Madel',16,1),
                     (620,23,'Govt. Primary Middle School Gaonkarwada Naroa',16,1),
                     (621,24,'Govt. Primary Middle School Gaonkarwada Narao',16,1),
                     (622,25,'Govt. Primary School Tarwada Pilgao',16,1),
                     (623,26,'Ideal High School\, Pilgao',16,1),
                     (624,27,'Govt. Primary School Bagwada',16,1),
                     (625,28,'Govt Primary School Mathwada',16,1),
                     (626,29,'Narayan Zantye College of Commerce (Vathadev)',16,1),
                     (627,30,'Narayan Zantye College of Commerce\, (Vathadev)',16,1),
                     (628,31,'Govt. Primary School Vailowada Sarvan',16,1),
                     (629,32,'Govt. Primary School Kothi Karapur',16,1),
                     (630,33,'Govt.Primary School Kudapwada',16,1),
                     (631,34,'Govt.Primary School Bholwada',16,1),
                     (632,35,'Govt.Primary School Vithalapur Karapur',16,1),
                     (633,36,'Office of the Executive Engineer\, WD-V\,WRD Karapur Tisk',16,1),
                     (634,37,'Govt. Primary School Vithalapur Karapur',16,1),
                     (635,38,'Govt. Primary School Deulwada',16,1),
                     (636,39,'Govt. Primary School Deulwada',16,1),
                     (637,40,'Govt. Primary School (Naikwada)\, Maulinguem',16,1),
                     (638,41,'Govt. Primary School (Naikwada) \, Maulinguem',16,1),
                     (639,42,'Govt. Primary School Ona',16,1),
                     (640,1,'Govt College of Arts Science & Commerce\,Sanquelim',17,1),
                     (641,2,'Multipurpose Hall\,Sanquelim',17,1),
                     (642,3,'Govt Primary School Gauthan',17,1),
                     (643,4,'Laxmibai G.Sanzgiri Memorial School\,New wada\,Sanquelim',17,1),
                     (644,5,'Govt.Higher Scondary School\,Sanquelim',17,1),
                     (645,6,'Progress High School\, Sanquelim',17,1),
                     (646,7,'Govt.Higher Scondary School\, Sanquelim',17,1),
                     (647,8,'Govt Primary School Deulwada Virdi',17,1),
                     (648,9,'Govt Primary School Kharekhajan\,Virdi',17,1),
                     (649,10,'Govt College of Arts Science & Commerce\,Sanquelim',17,1),
                     (650,11,'Govt Primary School Pratapnagar\, Arvalem',17,1),
                     (651,12,'Govt Primary School \,Khalche Arvalem',17,1),
                     (652,13,'Govt Primary School \,Khalche Arvalem',17,1),
                     (653,14,'Govt Primary School\,Varche Arvalem',17,1),
                     (654,15,'Govt Primary School\,Varche Arvalem( South Wing)',17,1),
                     (655,16,'Govt Primary School\,Falwadi Kudne',17,1),
                     (656,17,'Govt Primary School\,Dingnem\,Surla',17,1),
                     (657,18,'Govt Primary School Gaonkarwada Kudne',17,1),
                     (658,19,'Govt Primary School Gaonkarwada Kudne',17,1),
                     (659,20,'Govt. Primary School Gaonkarwada\, Navelim',17,1),
                     (660,21,'Govt. High School Gaonkarwada\, Navelim',17,1),
                     (661,22,'Govt Primary School Fanaswadi\,Navelim',17,1),
                     (662,23,'Govt Primary School Maina\,Navelim',17,1),
                     (663,24,'Govt Primary School Kharwada\,Amona',17,1),
                     (664,25,'Govt. Primary School\, Betalwada Amona',17,1),
                     (665,26,'Govt. Primary School\, Betalwada Amona',17,1),
                     (666,27,'Gram Panchayat Vachanalaya\,Ambedkarwada\,Amona',17,1),
                     (667,28,'Govt Primary School\, Tarwada\, Surla',17,1),
                     (668,29,'Govt Primary School\, Khadchal\, Surla',17,1),
                     (669,30,'Govt Primary School\, Khodgini\, Surla',17,1),
                     (670,31,'Govt Primary School\, Bayem\, Surla',17,1),
                     (671,32,'Govt Primary School\, Ghadiwada\, Surla',17,1),
                     (672,33,'Tagore Educational Institute\,Tishem\,Kothambi',17,1),
                     (673,34,'Govt Primary & Middle School\, Velguem',17,1),
                     (674,35,'Govt Primary & Middle School\, Velguem',17,1),
                     (675,36,'Bharti Bandodkar Primary School\, Velguem',17,1),
                     (676,37,'Govt Primary School \, Kothambi Pale',17,1),
                     (677,38,'Govt Primary School \,Chinchwada Pale',17,1),
                     (678,39,'Govt Primary School \,Navarwada Pale',17,1),
                     (679,40,'Govt Primary School \,Ambeshiwada \, Pale',17,1),
                     (680,41,'Govt Primary School \,Talewada \, Pale',17,1),
                     (681,42,'Govt.Primary School\, Ambegal\, Pale',17,1),
                     (682,43,'Shri Navdurga High School\,Ambegal Pale',17,1),
                     (683,44,'Govt Primary School\, Khajan\, Surla',17,1),
                     (684,45,'Govt Primary School\, Rumad\, Surla',17,1),
                     (685,46,'Govt Primary School Bhamai Pale',17,1),
                     (686,1,'Govt. Primary School\, Tulshimala',18,1),
                     (687,2,'Government Primary School\, Podocem',18,1),
                     (688,3,'Government Primary School\, Belwada',18,1),
                     (689,4,'Government Primary School\, Belwada',18,1),
                     (690,5,'Government Primary School\, Poriem',18,1),
                     (691,6,'Government Primary School\, Gholwada',18,1),
                     (692,7,'Govt. Primary School Rehabilitation Colony\, Morlem',18,1),
                     (693,8,'Govt. High School Rehabilitation Colony\, Morlem',18,1),
                     (694,9,'Government Primary School\,Ghodemal\, Morlem',18,1),
                     (695,10,'Government Primary School\, Kesarkarwada',18,1),
                     (696,11,'Govt.High school\, Querim',18,1),
                     (697,12,'Govt.Primary School\, Gonteli',18,1),
                     (698,13,'Government Primary School\, Shiroli',18,1),
                     (699,14,'Government Primary School\, Querim',18,1),
                     (700,15,'Government Primary School\, Querim',18,1),
                     (701,16,'Government High School\, Querim',18,1),
                     (702,17,'Government Primary School Rehabilitation Colony\, Qualavade\, Ravona',18,1),
                     (703,18,'Govt. Primary School Madhalawada\, Ravana',18,1),
                     (704,19,'Government Primary School\, Surla',18,1),
                     (705,20,'Government Primary School\, Iverim Buzruco',18,1),
                     (706,21,'Government Primary School\, Charaunem',18,1),
                     (707,22,'Government High School Thane',18,1),
                     (708,23,'Government High School\, Thane',18,1),
                     (709,24,'Government Primary School\, Golauli',18,1),
                     (710,25,'Government Primary School\, Deulwada Pal',18,1),
                     (711,26,'Govt. Primary School\, Sawant Wada Pal',18,1),
                     (712,27,'Government Primary School\, Copardem',18,1),
                     (713,28,'Government Primary School\, Mauxi',18,1),
                     (714,29,'Government Primary School\, Mauxi',18,1),
                     (715,30,'Government Primary School\, Nagve',18,1),
                     (716,31,'Government Primary School\, Zarme',18,1),
                     (717,32,'Government High School\, Dabem',18,1),
                     (718,33,'Government Primary School\, Sanvorcem',18,1),
                     (719,34,'Government Primary School\, Birondem',18,1),
                     (720,35,'Government Middle School\, Padeli',18,1),
                     (721,36,'Government Primary School\, (Dongarwada)',18,1),
                     (722,37,'Government High School\, Advoi',18,1),
                     (723,38,'Government Primary School\, Advoi',18,1),
                     (724,39,'Government Primary School\, Codiem',18,1),
                     (725,40,'Government High School\, Pissurlem',18,1),
                     (726,41,'Govt.High School\, Pissurlem',18,1),
                     (727,42,'Govt.Primary School\, Cumbarcond',18,1),
                     (728,43,'Govt. Primary School Gaonkarwada Honda',18,1),
                     (729,44,'Govt. Primary School Gaonkarwada Honda',18,1),
                     (730,45,'Govt. Primary School\, Honda',18,1),
                     (731,46,'Bhagwan Mahavir Government High School\, Honda',18,1),
                     (732,47,'Government Primary School\, Narayan Nagar',18,1),
                     (733,48,'Government Primary School\, Narayan Nagar',18,1),
                     (734,49,'Government Primary School\, Soliyem',18,1),
                     (735,50,'Government Primary School\, Ovaliyem',18,1),
                     (736,51,'Government Primary School\, Saleli',18,1),
                     (737,52,'Government High School\, Bhuipal',18,1),
                     (738,1,'Govt. Primary School\, Nanus',19,1),
                     (739,2,'Govt. Primary School\, Nayawada',19,1),
                     (740,3,'Govt. High School\, Valpoi',19,1),
                     (741,4,'Govt. Primary School\, Massordem',19,1),
                     (742,5,'Govt Higher Secondary School\, Valpoi',19,1),
                     (743,6,'Govt. Middle School\, Valpoi',19,1),
                     (744,7,'Govt. Primary School\, Valpoi',19,1),
                     (745,8,'Govt. Primary School\, Velus',19,1),
                     (746,9,'Govt. Primary School\, Gundelwada\, Velus',19,1),
                     (747,10,'Govt. Primary School\, Carambolim Brahma',19,1),
                     (748,11,'Govt. Primary School\, Nagargao',19,1),
                     (749,12,'Govt. Primary School\, Ambede',19,1),
                     (750,13,'Govt. Primary School\, Dhave',19,1),
                     (751,14,'Govt. Primary School\, Ustem',19,1),
                     (752,15,'Govt. Primary School\, Codal',19,1),
                     (753,16,'Govt. Middle School\, Bambar',19,1),
                     (754,17,'Govt. Primary School\, Cudcem',19,1),
                     (755,18,'Govt. Primary School\, Savordem',19,1),
                     (756,19,'Govt. Primary School\, Carmali Budruk',19,1),
                     (757,20,'Govt. Primary School\, Cumthol',19,1),
                     (758,21,'Govt. Primary School\, Velguem',19,1),
                     (759,22,'Govt. Primary School\, Velguem',19,1),
                     (760,23,'Govt. Primary School\, Codique',19,1),
                     (761,24,'Govt. Middle School\, Cotorem',19,1),
                     (762,25,'Govt. Primary School\, Sirsodem',19,1),
                     (763,26,'Govt. Primary School\, Gawane',19,1),
                     (764,27,'Govt. Primary School\, Shel-Melaulim',19,1),
                     (765,28,'Govt. Primary School\, Murmune',19,1),
                     (766,29,'Govt. Primary School\, Guleli',19,1),
                     (767,30,'Govt. Primary School\, Dhamshe',19,1),
                     (768,31,'Govt. Primary School\, Ganjem',19,1),
                     (769,32,'Govt. Primary School\, Nanus',19,1),
                     (770,33,'Govt. Primary School\, Tiral',19,1),
                     (771,34,'Govt. Primary School\, Tiral',19,1),
                     (772,35,'Govt. Primary School\, Barazan',19,1),
                     (773,36,'Govt. Primary School\, Kantor',19,1),
                     (774,37,'Govt. Primary School\, Par-Parsol',19,1),
                     (775,38,'Govt. Primary School\, Dhat',19,1),
                     (776,39,'Govt. Primary School\, Dhat',19,1),
                     (777,40,'Govt. Primary School\, Kassailem',19,1),
                     (778,41,'Govt. Primary School\, Kassailem',19,1),
                     (779,42,'Govt. Primary School Dhaushire',19,1),
                     (780,43,'Govt. Primary School Dhaushire',19,1),
                     (781,44,'Govt. High School\, Dhaushire',19,1),
                     (782,45,'Govt. Primary School\, Pal-Udi',19,1),
                     (783,46,'Govt. Primary School\, Pal-Udi',19,1),
                     (784,1,'Government Primary School Tariwada\,Marcel Ponda Goa',20,1),
                     (785,2,'Government Primary School Tariwada\, Marcel Ponda Goa',20,1),
                     (786,3,'Government Primary School Madapai\, Orgao',20,1),
                     (787,4,'Government Primary School Deulwada Orgao\, Marcel',20,1),
                     (788,5,'Government Primary School Deulwada Orgao\, Marcel',20,1),
                     (789,6,'Government Primary School \,Tivrem Ponda Goa',20,1),
                     (790,7,'Government Primary School\, Tivrem Ponda Goa',20,1),
                     (791,8,'Government Primary School Gaonkarwada Candola Ponda Goa',20,1),
                     (792,9,'Government Primary School Gaonkarwada Candola Ponda Goa',20,1),
                     (793,10,'Government Primary School Gaonkarwada Candola Ponda Goa',20,1),
                     (794,11,'Government Primary School Amyewada\,Candola Ponda Goa',20,1),
                     (795,12,'Government Primary School Haldanwada\,Candola Ponda Goa',20,1),
                     (796,13,'Government Primary School Betki Ponda Goa',20,1),
                     (797,14,'Government Primary School Betki Ponda Goa',20,1),
                     (798,15,'Government Primary School Volvoi Ponda Goa',20,1),
                     (799,16,'Government Primary School\, Sateribhat Volvoi Ponda Goa',20,1),
                     (800,17,'Government Primary School Pali Savoi-Verem Ponda Goa',20,1),
                     (801,18,'Government Primary School Savoi\,Ponda Goa',20,1),
                     (802,19,'Government Primary School (New Building) Savoi-Verem Ponda Goa',20,1),
                     (803,20,'Government Village Library Building\, Savoi-Verem Ponda Goa',20,1),
                     (804,21,'Government Primary School\,Vagurme\,Verem Ponda Goa',20,1),
                     (805,22,'Government Primary School Karmale Querim Ponda Goa',20,1),
                     (806,23,'Government Primary School Arla Querim Ponda Goa',20,1),
                     (807,24,'Government Primary School Satode Querim Ponda Goa',20,1),
                     (808,25,'Government Primary School\, Amarkhane Querim',20,1),
                     (809,26,'Government Primary School\, Amarkhane Querim',20,1),
                     (810,27,'Government Primary School Adcolna Ponda Goa',20,1),
                     (811,28,'Government Primary School Adcolna Ponda Goa',20,1),
                     (812,29,'Government Primary School Boma Ponda Goa',20,1),
                     (813,30,'Government Primary School Boma Ponda Goa',20,1),
                     (814,31,'Government Primary School Muslimwada Boma Ponda Goa',20,1),
                     (815,32,'Government Primary School Magilwada Cuncoliem Ponda Goa',20,1),
                     (816,33,'Government Primary School Magilwada Cuncoliem Ponda Goa',20,1),
                     (817,34,'Government Primary School Mangueshi\, Priol Ponda Goa',20,1),
                     (818,35,'Government Primary School Mangueshi\, Priol Ponda Goa',20,1),
                     (819,36,'Government Primary School Mardol Ponda Goa',20,1),
                     (820,37,'Government Primary School Mardol Ponda Goa',20,1),
                     (821,38,'Government Primary School Khedem Priol Ponda Goa',20,1),
                     (822,39,'Government Primary School Gauthan Priol Ponda Goa',20,1),
                     (823,40,'Government Primary School Apewal Priol Ponda Goa',20,1),
                     (824,41,'Government Primary School Magilwada Priol Ponda Goa',20,1),
                     (825,42,'Government Primary School Galwada Priol Ponda Goa',20,1),
                     (826,43,'Government Primary School Gauthan Veling Ponda Goa',20,1),
                     (827,44,'Government Primary School Khazanwada Veling Ponda Goa',20,1),
                     (828,1,'Government Primary School Bazar\, Khandepar Ponda Goa',21,2),
                     (829,2,'Government Primary School Bazar\, Khandepar Ponda Goa',21,2),
                     (830,3,'Lokmanya Village Library Near Opa Water Woks\, Opa Khandepar Ponda Goa',21,2),
                     (831,4,'Govt. Primary School. Gauthan Khandepar',21,2),
                     (832,5,'Governmaent Primary School Gauthan-Khandepar Ponda Goa',21,2),
                     (833,6,'Government Primary School Kelbai Tambdi-Curti/Curti Ponda Goa',21,2),
                     (834,7,'Government Primary School\, Koparwada/Curti',21,2),
                     (835,8,'Balbhavan(Balwadi)\, Panchayat Mestawada\, Curti',21,2),
                     (836,9,'Government Primary School \, Malshe Curti Ponda Goa',21,2),
                     (837,10,'Government Primary School \, Malshe\, Curti Ponda Goa',21,2),
                     (838,11,'Electricity Dept. Div.III\, Curti Ponda Goa',21,2),
                     (839,12,'Electricity Dept. Div.III Curti Ponda Goa',21,2),
                     (840,13,'Sports Authority Of India-Hostel\, Curti Ponda Goa',21,2),
                     (841,14,'Operational\,Maintainance & Staff Training Center\,DivX(NorthWing)\,Electricity Dept\,Haveli Curti Ponda',21,2),
                     (842,15,'Operational\,Maintainance & Staff Training Center\,DivX\, Electricity Dept\, Haveli Curti Po',21,2),
                     (843,16,'Department Of Animal Husbandry and Vetenary Services\, Key Village Scheme Curti Ponda Goa',21,2),
                     (844,17,'Government Primary School\, Nagzar Curti Ponda Goa',21,2),
                     (845,18,'Government Primary School\, Nagzar Curti\, Ponda Goa',21,2),
                     (846,19,'Government Primary School\, Nagzar Curti\, Ponda Goa',21,2),
                     (847,20,'Government Primary School \, Mavel\, Curti\, Ponda Goa',21,2),
                     (848,21,'Government Primary School \, Mavel\, Curti Ponda Goa',21,2),
                     (849,22,'St.Mary High School\, Silvanagar Ponda Goa',21,2),
                     (850,23,'St. Mary High School\, Silvanagar Ponda Goa',21,2),
                     (851,24,'St. Mary High School\, Silvanagar Ponda Goa',21,2),
                     (852,25,'Government Primary School \, Varkhande\, Ponda Goa',21,2),
                     (853,26,'Government Primary School \, Varkhande\, Ponda Goa',21,2),
                     (854,27,'Government Primary School\, Khadpabandh Ponda Goa',21,2),
                     (855,28,'Almeida High School \, Khadpabandh Ponda Goa',21,2),
                     (856,29,'Almeida High School Khandabandh Ponda Goa',21,2),
                     (857,30,'Almeida High School \, Khandpabandh Ponda Goa',21,2),
                     (858,31,'Government Primary School Durgabhat Ponda Goa',21,2),
                     (859,32,'Government Primary School Durgabhat Ponda Goa',21,2),
                     (860,33,'Government Primary School Durgabhat Ponda Goa',21,2),
                     (861,34,'Government High School\, New Building Shantinagar Ponda Goa',21,2),
                     (862,35,'Government High School\, New Building Shantinagar Ponda Goa',21,2),
                     (863,36,'Government Primary School\, Staff Room\, Shantinagar Ponda Goa',21,2),
                     (864,37,'Government Primary School\,\, Shantinagar Ponda Goa',21,2),
                     (865,38,'Office Of The Assistant Eng. Sub.Div.III \, W.D.XVI\, (Building)\, P.W.D\, Sadar Ponda Goa',21,2),
                     (866,39,'Zonal Agricultural Office\, Directorate of Agriculture\, Technical Section Room\, St.Cruz\, Ponda Goa',21,2),
                     (867,40,'Government Primary School \, Yeshwantnagar\, Ponda Goa',21,2),
                     (868,41,'Government Primary School\, Yeshwantnagar\, Ponda Goa',21,2),
                     (869,42,'Ponda Municipal Council\, Ponda Goa',21,2),
                     (870,43,'Ponda Municipal Council \, Ponda Goa',21,2),
                     (871,1,'Government Primary School \,Old Building Padal Betoda',22,2),
                     (872,2,'Government Primary School\, New Building Padal Betoda',22,2),
                     (873,3,'Government High School\, Betoda',22,2),
                     (874,4,'Government Primary School\, Padal Betora',22,2),
                     (875,5,'Government Primary School\, Tallem Betoda',22,2),
                     (876,6,'Government Primary School\, Codar Gaonkarwada',22,2),
                     (877,7,'Government Primary School\, Galwada\, Nirankal',22,2),
                     (878,8,'Government Primary School\, Galwada\, Nirankal',22,2),
                     (879,9,'Government Primary School\, Paz\, Shiroda',22,2),
                     (880,10,'Government Primary School\, Kumbharwada Nirankal',22,2),
                     (881,11,'Government Primary School\, Talsai Borim',22,2),
                     (882,12,'Government Primary School\, Talsai Borim',22,2),
                     (883,13,'Government Primary School\, Deulwada Borim',22,2),
                     (884,14,'Government Primary School\, Paniwada Borim',22,2),
                     (885,15,'Government Primary School\, Tamshirem Borim',22,2),
                     (886,16,'Government Primary School\, Tamshirem Borim',22,2),
                     (887,17,'Government Primary School\, Tishem Borim',22,2),
                     (888,18,'Government Primary School\, Tishem Borim',22,2),
                     (889,19,'Government Primary School\, Khazordem Borim',22,2),
                     (890,20,'Government Primary School\, Khazordem Borim',22,2),
                     (891,21,'Government Primary School\, Tarvalem Shiroda',22,2),
                     (892,22,'Government Primary School\, Dongar Karmanem',22,2),
                     (893,23,'Government Primary School\, Vazem Shiroda',22,2),
                     (894,24,'Government Primary School\, Haldai Shiroda',22,2),
                     (895,25,'Government Primary School\, Karai Shiroda',22,2),
                     (896,26,'Government Primary School\, Karai Shiroda',22,2),
                     (897,27,'Government Primary School\, Chun Bazar Shiroda',22,2),
                     (898,28,'Government Primary School\, Chun Bazar Shiroda',22,2),
                     (899,29,'Government Primary School\, Paz Shiroda',22,2),
                     (900,30,'Government Primary School\, Makadsai\, Shiroda',22,2),
                     (901,31,'Government Primary School\, Torla Shiroda',22,2),
                     (902,32,'Government Primary School\, Bazar Shiroda',22,2),
                     (903,33,'Government Primary School Pedem Shiroda',22,2),
                     (904,34,'Government Primary School\, Bazar Shiroda',22,2),
                     (905,35,'Government Primary School\, Tariwada Shiroda',22,2),
                     (906,36,'Government Primary School\, Socrem Shiroda',22,2),
                     (907,37,'Government Primary School\, Socrem Shiroda',22,2),
                     (908,38,'Government Primary School\, Dabolim Shiroda',22,2),
                     (909,39,'Government Primary School\, Vazangal Shiroda',22,2),
                     (910,40,'Government Primary School\, Mudai Panchawadi',22,2),
                     (911,41,'Government Primary School\, Amlai Panchawadi',22,2),
                     (912,42,'Government Primary School Vizar Panchawadi',22,2),
                     (913,43,'Government Primary School Vizar Panchawadi',22,2),
                     (914,44,'Government Primary School\, Mapa Panchawadi',22,2),
                     (915,45,'Government Primary School\, Digas Panchawadi',22,2),
                     (916,1,'Government Primary School\, Bazar\, Manaswada\, Cundaim',23,2),
                     (917,2,'Government Primary School\, Bazar\,Manaswada\, Cundaim',23,2),
                     (918,3,'Government Middle School\,Dassolwada\, Cundaim',23,2),
                     (919,4,'Government Primary School\, Wadem\, Cundaim',23,2),
                     (920,5,'Government Primary School\, Wadem\, Cundaim',23,2),
                     (921,6,'Government Primary School\, Honso\, Marcaim',23,2),
                     (922,7,'Government Primary School\, Dutolem\,Marcaim',23,2),
                     (923,8,'Government Primary School\, Mahalwada\, Marcaim',23,2),
                     (924,9,'Government Primary School\, Mahalwada\, Marcaim',23,2),
                     (925,10,'Government Primary School\, Adan\, Marcaim',23,2),
                     (926,11,'Government Primary School\, Adan\, Marcaim',23,2),
                     (927,12,'Government Primary School\, Marcaim Centre\, Marcaim',23,2),
                     (928,13,'Government Primary School\, Parampoi\, Marcaim',23,2),
                     (929,14,'Government Primary School\, Warad\, Gaunem',23,2),
                     (930,15,'Government Primary School\, Gaunem\, Bandora',23,2),
                     (931,16,'Government Primary School\, Gaunem\, Bandora',23,2),
                     (932,17,'Government Primary School\, Chirputem\, Bandora',23,2),
                     (933,18,'Government Primary School\, Chirputem\, Bandora',23,2),
                     (934,19,'Government Primary School\, Kurpas\, Bandora',23,2),
                     (935,20,'Government Primary School\, Kurpas\, Bandora',23,2),
                     (936,21,'Village Panchayat Bandora',23,2),
                     (937,22,'Communidade Office \, Kurpas Bandora',23,2),
                     (938,23,'Rajmata Padmawati Saundekar Raje High School\, Bokodbag\, Bandora',23,2),
                     (939,24,'Government Primary School\, Kharwada\, Bandora',23,2),
                     (940,25,'Government Primary School\, Undir\, Bandora',23,2),
                     (941,26,'Government Primary School\, Gauthan\, Queula\,',23,2),
                     (942,27,'Government Primary School\, Gauthan\,Queula\,',23,2),
                     (943,28,'Government Primary School\, Galshirem. Queula',23,2),
                     (944,29,'Government Primary School\, Galshirem. Queula',23,2),
                     (945,30,'Government Primary School\, Kapileshwari\,Queula',23,2),
                     (946,31,'Government Primary School\, Khalchawada\, Dhavli\,',23,2),
                     (947,32,'Government Primary School\, Khalchawada\, Dhavli\,',23,2),
                     (948,33,'Government Primary School\, Bedxem\, Talaulim',23,2),
                     (949,34,'Government Primary School\, Bedxem\, Talaulim',23,2),
                     (950,35,'Government Primary School\, Bedxem\, Talaulim',23,2),
                     (951,36,'Government Primary School\, Kasawada\,Talaulim',23,2),
                     (952,37,'Government Primary School\, Und-Agapur\, Durbhat',23,2),
                     (953,38,'Government Primary School\, Agapur',23,2),
                     (954,39,'Government Primary School\, Agapur',23,2),
                     (955,40,'Government Primary School\, Durbhat',23,2),
                     (956,1,'Deepvihar Primary School\, Mormugao Port Trust\,Headland\, Sada\, Mormugao',24,2),
                     (957,2,'Deepvihar Primary School\, Mormugao Port Trust\,Headland\, Sada\, Mormugao',24,2),
                     (958,3,'Deepvihar Primary School\, Mormugao Port Trust\,Headland\, Sada\, Mormugao',24,2),
                     (959,4,'Bharatratna Dr.Babasaheb Ambedkar Vocational Centrel\, Headland Sada',24,2),
                     (960,5,'Community Center\,CHLD\, Headland\, Sada\, Mormugao\, Headland\, Sada\, Mormugao',24,2),
                     (961,6,'Deepvihar Secondary School\, Mormugao Port Trust\,Headland\,Sada\,Mormugao',24,2),
                     (962,7,'Deepvihar Secondary School\, Mormugao Port Trust\,Headland\,Sada\,Mormugao',24,2),
                     (963,8,'LT. Narendra A. Mayekar\, Govt.Primary/Middle/High School\, Headland Sada\,',24,2),
                     (964,9,'LT. Narendra A. Mayekar\, Govt.Primary/Middle/High School\, Headland Sada\,',24,2),
                     (965,10,'Government Sport Complex\, Headland\, Sada\, Mormugao',24,2),
                     (966,11,'Murgaon High School\, Headland Sada\, Mormugao',24,2),
                     (967,12,'Murgaon High School\, Headland Sada\, Mormugao',24,2),
                     (968,13,'Government Middle School\, Jetty\, Mormugao',24,2),
                     (969,14,'Government Middle School\, Jetty\, Mormugao',24,2),
                     (970,15,'Industrial Training Institute\, Bogda\, Mormugao',24,2),
                     (971,16,'Industrial Training Institute\, Bogda\, Mormugao',24,2),
                     (972,17,'Government Primary School\, Bogda\, Mormugao',24,2),
                     (973,18,'Government Primary School\, Bogda\,Mormugao',24,2),
                     (974,19,'Busy Bee English High School\,SDA',24,2),
                     (975,20,'Busy Bee English High School\,SDA\,',24,2),
                     (976,21,'Office of the Assistant Engineer(PHE)S-D-IX\,\,Water Supply\, P.W.D\, Baina\, Vasco-da-Gama (Room 1)',24,2),
                     (977,22,'Office of the Assistant Engineer(PHE)S-D-IX\,\,Water Supply\, P.W.D\, Baina\, Vasco-da-Gama (Room 2)',24,2),
                     (978,23,'Office of the Assistant Engineer\, Sewarage Department\,Baina\,Vasco-da-Gama',24,2),
                     (979,24,'Government High School\, Baina\, Vasco-da-Gama',24,2),
                     (980,25,'Government High School\, Baina\, Vasco-da-Gama',24,2),
                     (981,26,'Government Higher Secondary School\, Baina\, Vasco-da-Gama',24,2),
                     (982,27,'Government Higher Secondary School\, Baina\, Vasco-da-Gama',24,2),
                     (983,28,'Government Higher Secondary School\, Baina\, Vasco-da-Gama',24,2),
                     (984,29,'Ameeniya High School Baina',24,2),
                     (985,1,'Our Lady Of Candelaria High School\,Sansmollem\, Baina\, Vasco-da-Gama',25,2),
                     (986,2,'Our Lady Of Candeleria High School\,Sansmollem\, Baina\, Vasco-da-Gama',25,2),
                     (987,3,'Anjuman H.I.High School\, Islampur Baina',25,2),
                     (988,4,'Anjuman H.I.High School\, Islampur Baina',25,2),
                     (989,5,'Anjuman H.I.High School\, Islampur Baina',25,2),
                     (990,6,'Mata Secondary School',25,2),
                     (991,7,'Mata Secondary School',25,2),
                     (992,8,'Mata Secondary School',25,2),
                     (993,9,'Mata Secondary School',25,2),
                     (994,10,'St.Joseph''s Institute\,Vasco-da-Gama',25,2),
                     (995,11,'St.Joseph''s Institute\,Vasco-da-Gama',25,2),
                     (996,12,'St. Andrew''s High School\, Vasco-da-Gama',25,2),
                     (997,13,'St.Andrew''s High School\, Vasco-da-Gama',25,2),
                     (998,14,'St.Andrew''s High School\, Vasco-da-Gama',25,2),
                     (999,15,'St.Andrew''s High School\, Vasco-da-Gama',25,2),
                     (1000,16,'Office of the Executive Engineer\,Div.XI\, Electricity Department\, Vasco-da-Gama.',25,2),
                     (1001,17,'St.Andrew''s Institute high School English Medium Board ICSE Vasco',25,2),
                     (1002,18,'Administrative Office Of Kadamba Transport Corporation\, Mundvel\, Vasco-da-Gama',25,2),
                     (1003,19,'Administrative Office Of Kadamba Transport Corporation\, Mundvel\, Vasco-da-Gama',25,2),
                     (1004,20,'Govt. Primary School\, Vasco-Main',25,2),
                     (1005,21,'Govt. Primary School\, Vasco-Main',25,2),
                     (1006,22,'Govt. Primary School\, Vasco-Main\, New Building',25,2),
                     (1007,23,'Govt. Primary School\, Vasco-Main\, New Building',25,2),
                     (1008,24,'St. Therese''s High School\, Mangor Hill\, Vasco-da-Gama',25,2),
                     (1009,25,'St. Therese''s High School\, Mangor Hill\, Vasco-da-Gama',25,2),
                     (1010,26,'St. Therese''s High School\, Mangor Hill\, Vasco-da-Gama',25,2),
                     (1011,27,'Kendriya Vidhyalaya-1\, Varunapuri\, Vasco-da-Gama',25,2),
                     (1012,28,'Kendriya Vidhyalaya-1\, Varunapuri\, Vasco-da-Gama',25,2),
                     (1013,29,'Kendriya Vidhyalaya-1\, Varunapuri\, Vasco-da-Gama',25,2),
                     (1014,30,'Government High School\, Mangor\, Vasco-da-Gama',25,2),
                     (1015,31,'Government High School\, Mangor\, Vasco-da-Gama',25,2),
                     (1016,32,'Government High School\, Mangor\, Vasco-da-Gama',25,2),
                     (1017,33,'Government High School\, Mangor\, Vasco-da-Gama',25,2),
                     (1018,34,'Government High School\, New Vaddem\, Vasco-da-Gama',25,2),
                     (1019,35,'Government High School\, New Vaddem\, Vasco-da-Gama',25,2),
                     (1020,36,'Government High School\, New Vaddem\, Vasco-da-Gama',25,2),
                     (1021,37,'Government High School\, New Vaddem\, Vasco-da-Gama',25,2),
                     (1022,38,'Government Primary School\, New Vaddem\, Vasco-da-Gama',25,2),
                     (1023,1,'Vaddemnagar English High School\,Vaddemnagar\, New Vaddem\,Vasco da Gama',26,2),
                     (1024,2,'Vaddemnagar English High School\,Vaddemnagar \, New Vaddem\,Vasco da Gama',26,2),
                     (1025,3,'Vaddemnager English High School\,Vaddenagar\, New Vaddem\,Vasco da Gama',26,2),
                     (1026,4,'Government High School\, Vaddemnagar\, Vasco da Gama',26,2),
                     (1027,5,'Government High School\, Vaddemnagar\, Vasco da Gama',26,2),
                     (1028,6,'Government High School\, Vaddemnagar\, Vasco da Gama',26,2),
                     (1029,7,'Government High School\, Vaddemnagar\, Vasco da Gama',26,2),
                     (1030,8,'Mother of Mercy English High School\, Merces Vaddi\, Vasco da Gama',26,2),
                     (1031,9,'Mother of Mercy English High School\, Merces Vaddi\, Vasco da Gama',26,2),
                     (1032,10,'Mother of Mercy English High School\, Merces Vaddi\, Vasco da Gama',26,2),
                     (1033,11,'Vidya Mandir Adarshnagar\, Vasco da Gama',26,2),
                     (1034,12,'Vidya Mandir Adarshnagar\, Vasco da Gama',26,2),
                     (1035,13,'Vidya Mandir Adarshnagar\, Vasco da Gama',26,2),
                     (1036,14,'Multipurpose Community Hall\,Adarshnagar\,Chicalim\,',26,2),
                     (1037,15,'Multipurpose Community Hall\, Adarsh Nagar\,Chicalim',26,2),
                     (1038,16,'Regina Mundi High School\, Alto Chicalim',26,2),
                     (1039,17,'Village Panchayat Office\,Chicalim',26,2),
                     (1040,18,'Regina Mundi High School\, Alto Chicalim',26,2),
                     (1041,19,'Office of the Village Panchayat\,Chicalim',26,2),
                     (1042,20,'Government Primary School\, Chicalim',26,2),
                     (1043,21,'Government Middle School\, Alto Dabolim',26,2),
                     (1044,22,'Government Middle School\, Alto Dabolim',26,2),
                     (1045,23,'Shree Keshav Smruti High School\, Alto Dabolim',26,2),
                     (1046,24,'Shree Keshav Smruti High School\, Alto Dabolim',26,2),
                     (1047,25,'Governemnt Primary School\, Bogmalo',26,2),
                     (1048,26,'Governemnt Primary School\, Bogmalo',26,2),
                     (1049,1,'Govt. Primary School\, Matvem',27,2),
                     (1050,2,'Govt. Primary School\, Simpale\,Sancoale',27,2),
                     (1051,3,'Shree Shantadurga Higher Secondary School\, Combelem\, Science Wing',27,2),
                     (1052,4,'Govt. Primary School\, Sindole\, Sancoale',27,2),
                     (1053,5,'Bharatiya Vidhya Bhavan School Upas Nagar\,Sancoale',27,2),
                     (1054,6,'Govt. Primary School\, Zuarinagar',27,2),
                     (1055,7,'Govt. Primary School\, Zuarinagar',27,2),
                     (1056,8,'Govt. High School\, Zuarinagar',27,2),
                     (1057,9,'Govt. High School\, Zuarinagar',27,2),
                     (1058,10,'IDC Office\, Zuarnagar',27,2),
                     (1059,11,'Govt. Primary School\, Zuarinagar (New Building)',27,2),
                     (1060,12,'IDC Office\, Zuarnagar',27,2),
                     (1061,13,'Govt. Primary School\, Zari\, Zuarianagr',27,2),
                     (1062,14,'Govt. Primary School\, Zari\, Zuarinagar',27,2),
                     (1063,15,'Mes College\, Commerce Centre\, Zuarinagr',27,2),
                     (1064,16,'Anganwadi Opp-Our Lady of the Sick Church\,Quelossim',27,2),
                     (1065,17,'Govt. Middle School\, Curpavaddo',27,2),
                     (1066,18,'Govt. Middle School\, Curpavaddo',27,2),
                     (1067,19,'Vidhya Vihar School\, Thana\, Cortalim',27,2),
                     (1068,20,'Vidhya Vihar School\, Thana\, Cortalim',27,2),
                     (1069,21,'Govt. Primary School\, Sotrant\, Cortalim',27,2),
                     (1070,22,'Govt. Primary School\, Sotrant\, Cortalim',27,2),
                     (1071,23,'Our Lady Of Perpetual Sucour High School\, Cortalim',27,2),
                     (1072,24,'Our Lady Of Perpetual Sucour High School\, Cortalim',27,2),
                     (1073,25,'Cortalim Sports Gymnasium\,Consua',27,2),
                     (1074,26,'Government Primary School\, Arossim',27,2),
                     (1075,27,'Government Primary School\, Arossim',27,2),
                     (1076,28,'St.Thomas High School\, Cansualim',27,2),
                     (1077,29,'St.Thomas High School\, Cansualim',27,2),
                     (1078,30,'Govt. Primary School\, Borusulem',27,2),
                     (1079,31,'Govt. Primary School\, Borusulem',27,2),
                     (1080,32,'Sports Complex\, Velsao',27,2),
                     (1081,33,'Infant Jesus Academy\, Velsao',27,2),
                     (1082,34,'Infant Jesus Academy\, Velsao',27,2),
                     (1083,35,'Custom Out Post\, Kholl\, Issorcim',27,2),
                     (1084,1,'Government Primary School\, Nagoa',28,2),
                     (1085,2,'Village Panchayat Gr. Floor Nagoa\,',28,2),
                     (1086,3,'Village Panchayat Library Office\, Nagoa',28,2),
                     (1087,4,'Government Primary School\, Povacao\,Verna',28,2),
                     (1088,5,'Govt. Primary School\, Povacao\,Verna',28,2),
                     (1089,6,'Village Panchayat Office\, Verna',28,2),
                     (1090,7,'Marian English High School\, Verna',28,2),
                     (1091,8,'Marian English High School\, Verna',28,2),
                     (1092,9,'Fr. Agnel Primary School\, Verna',28,2),
                     (1093,10,'Fr. Agnel Primary School\, Verna',28,2),
                     (1094,11,'Government Primary School\, Rassaim',28,2),
                     (1095,12,'Village Panchayat\, Loutolim',28,2),
                     (1096,13,'Saviour Of World High School\, Loutulim',28,2),
                     (1097,14,'Govt. Middle School \,Vanxem\, Loutolim',28,2),
                     (1098,15,'Govt. Middle School\, Vanxem\,Loutolim',28,2),
                     (1099,16,'Savior Of World High School\, Loutulim',28,2),
                     (1100,17,'Communidade Office\, Orgao\, Loutulim',28,2),
                     (1101,18,'Rosary High School\, Belloy\, Nuvem',28,2),
                     (1102,19,'Rosary High School\, Belloy\, Nuvem',28,2),
                     (1103,20,'Govt. Primary School\, Pateapur',28,2),
                     (1104,21,'Govt. Primary School\, Kirbhat',28,2),
                     (1105,22,'Mae Dos Pobres Primary School Complex\, Povacao',28,2),
                     (1106,23,'Mae Dos Pobres High School\, Povacao',28,2),
                     (1107,24,'Integrated Child Development Services\, Povacao',28,2),
                     (1108,25,'Govt. Primary School\, Guirim\, Nuvem',28,2),
                     (1109,26,'Mae Dos Pobres High School\, Povocao\,',28,2),
                     (1110,27,'Mae Dos Pobres Primary School\, Povocao',28,2),
                     (1111,28,'Family & Child Welfare Center\, Utorda',28,2),
                     (1112,29,'Our Lady Of Lourdes School\, Gabriel Cruzwado\, Utorda',28,2),
                     (1113,30,'Our Lady Of Lourdes School\, Gabriel Cruzwado\, Utorda',28,2),
                     (1114,31,'Govt. Primary School\, Calata',28,2),
                     (1115,32,'Village Panchayat Office\,Calata\, Utorda\, Majorda',28,2),
                     (1116,33,'St.Anthony High School\, Majorda',28,2),
                     (1117,34,'Govt. Primary School\, Gomeswaddo\, Majorda',28,2),
                     (1118,35,'Govt. Primary School\, Gomeswaddo\, Majorda',28,2),
                     (1119,36,'Govt. Primary School\, Betalbatim',28,2),
                     (1120,37,'Panchayat Library\, Betalbatim',28,2),
                     (1121,38,'Govt. Primary School\, Betalbatim\, I.C.',28,2),
                     (1122,39,'Govt. Primary School\, Betalbatim',28,2),
                     (1123,1,'Government Primary School\, Hodar',29,2),
                     (1124,2,'Government Primary School\, Xelvona',29,2),
                     (1125,3,'Govt. Primary School\, Assolda',29,2),
                     (1126,4,'Govt. Primary School\, Assolda',29,2),
                     (1127,5,'Govt. Primary School\, Dhamadwada Xeldem',29,2),
                     (1128,6,'Govt. Primary School Gonvol-Shelde',29,2),
                     (1129,7,'Govt. Primary School\, Dhamadwada Xeldem',29,2),
                     (1130,8,'Govt. High School\,Sheldem Quepem',29,2),
                     (1131,9,'Govt. High School Sheldem Quepem',29,2),
                     (1132,10,'Gram Panchayat Ground Pavilion Room\,Tilamol',29,2),
                     (1133,11,'Government Primary School\, Kumbharwada',29,2),
                     (1134,12,'Electricity Department Section Office\,Tilamol\, Xeldem',29,2),
                     (1135,13,'Government Primary School\, Cacumordi (St. Cruz)',29,2),
                     (1136,14,'Govt. Primary School Betmordi',29,2),
                     (1137,15,'Govt. Primary School\, Betmordi',29,2),
                     (1138,16,'Government Primary School\, Ghotmorad',29,2),
                     (1139,17,'Government Primary School\, Khamamol',29,2),
                     (1140,18,'Govt. Primary School\, Camaral Curchorem',29,2),
                     (1141,19,'Govt. Primary School\, Shree Gajanan Curchorem Goa',29,2),
                     (1142,20,'Smt. Chandrabhaga Tokuba Naik High School Curchorem Goa Room No. 2\,Gate No. 1',29,2),
                     (1143,21,'Sarvanjin Bal Vikas Yojana\, Shirford Curchorem Goa',29,2),
                     (1144,22,'Govt. Primary School Baga Curchorem',29,2),
                     (1145,23,'Govt. Primary School Curchorem',29,2),
                     (1146,24,'Govt. Primary School Curchorem',29,2),
                     (1147,25,'The Sports Authority of Goa Upgraded Indoor Sports Hall\, Curchorem',29,2),
                     (1148,26,'The New Education Institute\, Curchorem',29,2),
                     (1149,27,'Government Primary School\, Pontemol',29,2),
                     (1150,28,'Government Primary School\, Pontemol',29,2),
                     (1151,29,'Govt. of Goa\, Office of the Assistant Engineer\, Electricity Dept. Sub Div. I Curchorem - Goa',29,2),
                     (1152,30,'Curchorem - Cacora Municipal Council\, Deulsai Cacora',29,2),
                     (1153,31,'Govt. Primary School Maad-Cacora',29,2),
                     (1154,32,'Govt. Primary School Maad- Cacora',29,2),
                     (1155,33,'Govt. Primary School Cacora',29,2),
                     (1156,34,'Govt. Primary School\, Cacora',29,2),
                     (1157,35,'The New Education Institute Curchorem',29,2),
                     (1158,36,'Govt. of Goa\, Office of the Assistant Engineer\, Electricity Dept. Sub Div. IV (Const) Curchorem- Goa',29,2),
                     (1159,37,'The New Education Institute\, Curchorem',29,2),
                     (1160,38,'Government Primary School\, Ghadiwada\, Cacora',29,2),
                     (1161,39,'Industrial Training Institute\, Cacora',29,2),
                     (1162,40,'Industrial Training Institute\, Cacora',29,2),
                     (1163,41,'Government Primary School\, Soliem',29,2),
                     (1164,1,'Presentation Convent High School\, Mercado Velho',30,2),
                     (1165,2,'Holy Spirit Institute Mercado Velho\,',30,2),
                     (1166,3,'Presentation Convent High School Mercado Velho',30,2),
                     (1167,4,'Adm Sec Kadamba Transport Corp\, Madel',30,2),
                     (1168,5,'Adm Sec Kadamba Transport Corp\, Madel',30,2),
                     (1169,6,'Our Lady Of Rosary Immaculate School\, Chandrawado',30,2),
                     (1170,7,'Govt. Primary School Ambaji\, Fatorda',30,2),
                     (1171,8,'O/O Exe. Engg\, Div VI\, P.W.D. (Main Stores) Fatorda',30,2),
                     (1172,9,'Govt. Primary School Ambaji\, Fatorda',30,2),
                     (1173,10,'J. Nehru Stadium Office Premises \, Fatorda',30,2),
                     (1174,11,'Govt. Primary School New \, Fatorda',30,2),
                     (1175,12,'Govt. Primary School New \, Fatorda',30,2),
                     (1176,13,'O/O Asstt. Engg. S.D II\, Section XXV Fatorda',30,2),
                     (1177,14,'O/O Inspector Of Survey & Land Records D5 Fatorda',30,2),
                     (1178,15,'O/O Ex. Engg. P.W D. WD XX (PHE)\, Fatorda',30,2),
                     (1179,16,'Asst. Engg. SD I\, WD VI (R & B) D2 \, Fatorda',30,2),
                     (1180,17,'Govt. Primary School\, Fatorda',30,2),
                     (1181,18,'Rosary High School\, Fatorda',30,2),
                     (1182,19,'Ex. Engg. PWD. WD XI (Qlty Control)\, Fatorda',30,2),
                     (1183,20,'Ex. Engg. P.W.D. WD IX (PHE)',30,2),
                     (1184,21,'Ex. Engg. WD XXI Accounts Sec (Sewerage)\, Fatorda',30,2),
                     (1185,22,'St. Anne''s School Agalli\, Gogal',30,2),
                     (1186,23,'Chowgule College Of Arts & Science\, Agalli',30,2),
                     (1187,24,'Block Development Office\, West Wing\, Fatorda',30,2),
                     (1188,25,'Block Development Office Borda\,',30,2),
                     (1189,26,'Govt. Industrial Training Institute \, Borda',30,2),
                     (1190,27,'St. Anne''s School \, Agalli',30,2),
                     (1191,28,'Multipurpose High School \, Borda',30,2),
                     (1192,29,'Multipurpose Community Hall New \, Borda\,',30,2),
                     (1193,30,'Govt. Industrial Training Institute\, Borda',30,2),
                     (1194,31,'Multipurpose Community Library Hall \, Borda',30,2),
                     (1195,32,'Primary Section Multipurpose \,Borda',30,2),
                     (1196,33,'Holy Spirit Institute\, Borda',30,2),
                     (1197,34,'Holy Spirit Institute \, Borda',30,2),
                     (1198,35,'Ravindra Bhavan\, Fatorda',30,2),
                     (1199,36,'Office Room of Govt. Qtrs.\, Pajifond\, Fatorda',30,2),
                     (1200,37,'Old Power House\, Pajifond',30,2),
                     (1201,38,'Adm O/O Urban Health Centre\, Margao',30,2),
                     (1202,1,'Government High School\, Vidyanagar\, Aquem\,',31,2),
                     (1203,2,'Government High School\, Vidhyanagar\, Aquem\,',31,2),
                     (1204,3,'Office of Dy. Conservator of Forest\, Aquem',31,2),
                     (1205,4,'St. Joseph High School\, Aquem\,',31,2),
                     (1206,5,'St. Joseph High School\,Aquem\,',31,2),
                     (1207,6,'Govt. Primary School\, Motidongor',31,2),
                     (1208,7,'Govt. Primary School\, Motidongor',31,2),
                     (1209,8,'Government Primary School T.B Cunha School \,New Building\, Aquem',31,2),
                     (1210,9,'Government Primary School T.B Cunha School \,New Building\, Aquem',31,2),
                     (1211,10,'Govt. Primary School\, Vidhya Mandir\, Bal Bhavan Kendra \,Aquem',31,2),
                     (1212,11,'District Fire Station\, Aquem',31,2),
                     (1213,12,'Government Primary School\, Vidhya Mandir\, Bal Bhavan Kendra\,Aquem',31,2),
                     (1214,13,'Office Of The Inspector Legal Metrology\, Opp. Konkan Railway Station\, Calcondem',31,2),
                     (1215,14,'Govt. Agriculture Farm \, Calcondem\,',31,2),
                     (1216,15,'Govt. Agriculture Farms \, Calcondem\,',31,2),
                     (1217,16,'Government Primary School\, Francisco Luis Gomes\, Colmorod\,',31,2),
                     (1218,17,'Government Primary School\, Francisco Luis Gomes\, Colmorod',31,2),
                     (1219,18,'Dr.Francisco Luis Gomes\, District Library \,Colomorod',31,2),
                     (1220,19,'Government Primary Middle School\, Sirvodem',31,2),
                     (1221,20,'Govt. Primary Middle School\, Sirvodem\,',31,2),
                     (1222,21,'Sewerage Plant\, PWD\,Sirvodem',31,2),
                     (1223,22,'Damodar College of Commerce And Economics\, Pedda',31,2),
                     (1224,23,'Government Primary Middle School\, Sirvodem',31,2),
                     (1225,24,'Damodar High School\, Comba\, Margao',31,2),
                     (1226,25,'Loyola High School\, Dando\, Margao',31,2),
                     (1227,26,'Loyola High School\, Dando\, Margao',31,2),
                     (1228,27,'Vidhya Bharathi Primary School\, Comba\, Margao',31,2),
                     (1229,28,'Mahila And Nutan High School Comba\,Margao',31,2),
                     (1230,29,'Popular High School\,Behind Police Station \,Comba',31,2),
                     (1231,30,'Adarsh V.V. High School\, Pajifond\, Margao',31,2),
                     (1232,31,'Adarsh V.V. High School\, Pajifond\, Margao\,',31,2),
                     (1233,32,'G.H.R.S.S.I.D.C.\, Common Facility & Training Centre\, Malbhat',31,2),
                     (1234,33,'Margao Muncipal Library\, Dando\, Margao',31,2),
                     (1235,34,'Fatima Convent High School\, Dando\, Margao',31,2),
                     (1236,35,'Fatima Convent High School\, Dando\, Margao',31,2),
                     (1237,36,'Fatima Convent High School\, Dando\, Margao',31,2),
                     (1238,37,'Shishu Bharati M.& N.High School\,Comba\, Margao',31,2),
                     (1239,38,'Shishu Bharati M.& N.High School\, Comba\, Margao',31,2),
                     (1240,1,'Infant Jesus High School\, Vanelim\, Colva\,',32,2),
                     (1241,2,'Govt. Primary School\,Sernabatim\,',32,2),
                     (1242,3,'Infant Jesus High School\, Colva',32,2),
                     (1243,4,'Govt. Primary School\, Sernabatim',32,2),
                     (1244,5,'Govt. Middle School Colva',32,2),
                     (1245,6,'Govt Middle School East Wing',32,2),
                     (1246,7,'Infant Jesus High Schhol\, Colva',32,2),
                     (1247,8,'Village Panchayat Office Colva',32,2),
                     (1248,9,'Infant Jesus High School\, Colva',32,2),
                     (1249,10,'Govt Primary School\, Seraulim\,',32,2),
                     (1250,11,'Govt Primary School\, Seraulim',32,2),
                     (1251,12,'Village Panchayat\, Seraulim\,',32,2),
                     (1252,13,'Village Panchayat\, Seraulim\,',32,2),
                     (1253,14,'Old Govt. Primary School.\, Povacao\,',32,2),
                     (1254,15,'Old Govt. Primary School.\, Povacao\,',32,2),
                     (1255,16,'Govt. Primary School \, Near Sebastiao Chapel',32,2),
                     (1256,17,'Sub- Station Of Office Of Electricity Dept.\, Acsona\, Mazilwado',32,2),
                     (1257,18,'Govt. Primary School \, Nr Sebastiao Chapel\, Mazilwado',32,2),
                     (1258,19,'St.Aloysius High School\, Benaulim',32,2),
                     (1259,20,'Village Panchayat Office \, Mazilwado',32,2),
                     (1260,21,'Village Panchayat Office \, Benaulim',32,2),
                     (1261,22,'St. Aloysius High School \, Benaulim',32,2),
                     (1262,23,'Govt. Primary School Pulwaddo \, Pulwado',32,2),
                     (1263,24,'Directorate Of Ind. Wood Craft Training Centre\,Pulvado',32,2),
                     (1264,25,'Govt. Primary School \, Pulwado',32,2),
                     (1265,26,'Govt. Primary School Calvaddo\,Varca',32,2),
                     (1266,27,'Govt. Primary School Calvaddo\,Varca',32,2),
                     (1267,28,'St. Mary High School Kg Class\, Calwaddo\, Varca',32,2),
                     (1268,29,'St. Mary High School\, Varca X B',32,2),
                     (1269,30,'Govt. Primary School\, Fatrade',32,2),
                     (1270,31,'V. P. Office\, Orlim',32,2),
                     (1271,32,'St. Pius High School\, Batty Orlim',32,2),
                     (1272,33,'Govt. Primary School\, Calvaddo',32,2),
                     (1273,34,'Village Panchayat Office\, Cavelossim',32,2),
                     (1274,35,'Govt. Primary School\, Mobor',32,2),
                     (1275,36,'Sacred Heart Of Jesus High School\, Igreja Carmona\,',32,2),
                     (1276,37,'Sacred Heart Of Jesus High School \, Igreja Carmona',32,2),
                     (1277,38,'Govt. Primary School Carmona',32,2),
                     (1278,39,'Govt. Primary School Carmona',32,2),
                     (1279,1,'Govt. Primary School\, Ratwado',33,2),
                     (1280,2,'Govt. Primary School\, Ratwado',33,2),
                     (1281,3,'Perpetual Succor Convent High School\, Navelim',33,2),
                     (1282,4,'Perpetual Succor Convent High School\, Navelim',33,2),
                     (1283,5,'Perpetual Succor Convent High School\, Navelim',33,2),
                     (1284,6,'Govt. Primary School\, Mandopa',33,2),
                     (1285,7,'Govt. Primary School\, Mandopa',33,2),
                     (1286,8,'Govt. Primary School\, Mandopa',33,2),
                     (1287,9,'Rosary High School Old \, Navelim\,',33,2),
                     (1288,10,'Rosary High School Old \, Navelim\,',33,2),
                     (1289,11,'Rosary High School Old \, Navelim',33,2),
                     (1290,12,'Rosary Higher Secondary School of Arts\, Commerce\,Science And Vocational\, Navelim',33,2),
                     (1291,13,'Village Panchayat Office\, Telaulim\, 2nd Dadio',33,2),
                     (1292,14,'Govt Of Goa \,Veterinary Dispensary\,Coldem',33,2),
                     (1293,15,'Govt Primary School\,2nd Dadio\,South Wing',33,2),
                     (1294,16,'Govt Primary School\,2nd Dadio\,North Wing',33,2),
                     (1295,17,'Govt Primary School\,Ghantamorod\,',33,2),
                     (1296,18,'Govt. Primary School\, Ghantamorod',33,2),
                     (1297,19,'Govt. Primary School\, Ghantamorod',33,2),
                     (1298,20,'Late Shri. Vinayak Gopal Shenvi Vidhyalay\, Ghantamorod',33,2),
                     (1299,21,'Office Of Induatrial Training Institute\, Aquem Baixo',33,2),
                     (1300,22,'Office Of Induatrial Training Institute\, Aquem Baixo',33,2),
                     (1301,23,'Govt. Primary School\, Cotta\, Davorlim',33,2),
                     (1302,24,'Govt. Primary School\, Cotta\, Davorlim',33,2),
                     (1303,25,'Govt. Primary School\, Cotta\, Davorlim',33,2),
                     (1304,26,'Govt High School Davorlim\, New \, Cotta',33,2),
                     (1305,27,'Communidade Office\, Cotta\,Davorlim (Panchayat )',33,2),
                     (1306,28,'Govt High School Davorlim\, Grnd Floor\, Cotta\,',33,2),
                     (1307,29,'Govt High School Davorlim\, Grnd Floor\, Cotta\,',33,2),
                     (1308,30,'Village Panchayat Office\, Grnd Floor\, Rumdamol-Davorlim',33,2),
                     (1309,31,'Govt Primary School\,Housing Board \,Rumdamol-Davorlim',33,2),
                     (1310,32,'Govt Primary School\, Housing Board \,Rumdamol\,Davorlim',33,2),
                     (1311,33,'Govt Primary School\,Housing Board \,Rumdamol-Davorlim',33,2),
                     (1312,34,'The Aims English Medium School \,Rumdamol-Davorlim',33,2),
                     (1313,35,'The Aims English Medium School \,Rumdamol-Davorlim',33,2),
                     (1314,1,'St.Francis Xavier High School\,Macasana',34,2),
                     (1315,2,'Govt. Primary School.Macasana',34,2),
                     (1316,3,'St.Francis Xavier High School\,Macasana',34,2),
                     (1317,4,'Government Primary School\,Cotta',34,2),
                     (1318,5,'St.Joseph Educational Institute\,Chandor',34,2),
                     (1319,6,'Village Panchayat Office\,Chandor-Covorim',34,2),
                     (1320,7,'Multipurpose Hall Of Village Panchayat\,Voily-Cavorim',34,2),
                     (1321,8,'Government Primary School\,Morod',34,2),
                     (1322,9,'Village Panchayat Office \,Guirdolim',34,2),
                     (1323,10,'Government Primary School\,Coloso\,Guirdolim',34,2),
                     (1324,11,'Government Primary School\,Coloso\,Guirdolim',34,2),
                     (1325,12,'Government Primary School\,Paroda',34,2),
                     (1326,13,'Government Primary School\,Agramorod',34,2),
                     (1327,14,'Government Primary School\,Gudi',34,2),
                     (1328,15,'Government Primary School\,Gudi',34,2),
                     (1329,16,'Govt. Primary School\,Talvorda',34,2),
                     (1330,17,'Govt. Primary School\,Simpler',34,2),
                     (1331,18,'Government Primary School\,Veroda',34,2),
                     (1332,19,'Government Primary School\,Murida',34,2),
                     (1333,20,'Government Primary School\,Demani',34,2),
                     (1334,21,'Shantadurga Marathi Vidhyalaya Bhiunsa',34,2),
                     (1335,22,'Government Primary School\,\,Demani',34,2),
                     (1336,23,'Government Primary School\,Maddicotto',34,2),
                     (1337,24,'Cuncolim Multipurpose\,Maddicotto',34,2),
                     (1338,25,'Government Primary School\,Bhuinsa',34,2),
                     (1339,26,'Balwadi\,Josegal',34,2),
                     (1340,27,'Cuncolim United Higher Secondary School\, Dondora',34,2),
                     (1341,28,'Govt. Primary School Savorcotto',34,2),
                     (1342,29,'Govt. Primary School Savorcotto',34,2),
                     (1343,30,'Cuncolim Muncipal Library\, Moquim',34,2),
                     (1344,31,'Government Primary School\,Toleabhat',34,2),
                     (1345,32,'Government Primary School\,Toleabhat',34,2),
                     (1346,33,'Government Primary Schoool Takaband',34,2),
                     (1347,34,'Government Primary School\,Panzarconni\,',34,2),
                     (1348,35,'Government Primary School\,Panzarconni\,',34,2),
                     (1349,36,'Infant Jesus High School\, Paricotto\,',34,2),
                     (1350,37,'Infant Jesus High School\, Paricotto\,',34,2),
                     (1351,38,'Village Panchayat Office\,Chinchemol\,Ambaulim',34,2),
                     (1352,39,'Government Primary School\,Chinchemol',34,2),
                     (1353,40,'Government Primary School\,Deulwada',34,2),
                     (1354,41,'Government Primary School\,Motta-Balli',34,2),
                     (1355,42,'Government Primary School\,Motta-Balli',34,2),
                     (1356,1,'Govt. Primary School\, Baradi\, Velim',35,2),
                     (1357,2,'Govt. Primary School\, Baradi\, Velim',35,2),
                     (1358,3,'GPS (Central Wing)\, Baradi',35,2),
                     (1359,4,'St. Rock High School\, Toleancanto\, Velim',35,2),
                     (1360,5,'St. Rock High School \, Toleancanto\, Velim',35,2),
                     (1361,6,'Govt.Primary School\, Zainawado\, Velim',35,2),
                     (1362,7,'St. Xavier High School\, Ambelim\, Velim',35,2),
                     (1363,8,'St. Xavier High School\, Ambelim\, Velim',35,2),
                     (1364,9,'St. Xavier High School\, Ambelim\, Velim',35,2),
                     (1365,10,'Govt. Primary School\, Cumbeabhat',35,2),
                     (1366,11,'Village Panchayat Office Baga\, Ambelim',35,2),
                     (1367,12,'Village Panchayat Office Baga\, Ambelim',35,2),
                     (1368,13,'Regina Martins High School\, Passagem\, Assolna',35,2),
                     (1369,14,'Regina Martins High School \, Passagem\, Assolna',35,2),
                     (1370,15,'Govt. Primary School\, Mulleawaddo',35,2),
                     (1371,16,'Govt. Primary School\, Mulleawaddo',35,2),
                     (1372,17,'Sucaldem Youth Club (Old Govt Primary School)\,Chinchinim/Sucaldem',35,2),
                     (1373,18,'Mount Mary High School\, Chinchinim',35,2),
                     (1374,19,'Mount Mary High School\, Chinchinim',35,2),
                     (1375,20,'Mount Mary High School\, Chinchinim',35,2),
                     (1376,21,'Govt. Primary School\, Dandeawado',35,2),
                     (1377,22,'Govt. Primary School\, Dandeawado',35,2),
                     (1378,23,'Govt. Primary School\, Durga',35,2),
                     (1379,24,'Govt. Primary School\, Baida',35,2),
                     (1380,25,'Govt. Primary School\, Baida',35,2),
                     (1381,26,'Govt Primary School\, Deussua',35,2),
                     (1382,27,'Govt. Primary School\, Sirlim',35,2),
                     (1383,28,'Govt. Primary School\, Dramapur',35,2),
                     (1384,29,'Govt. Primary School\, Dramapur',35,2),
                     (1385,30,'Village Panchayat Office\, Dramapur',35,2),
                     (1386,31,'Govt. Primary School\, Sarzora',35,2),
                     (1387,32,'Govt. Primary School\, Sarzora',35,2),
                     (1388,33,'Village Panchayat Office\, Sarzora',35,2),
                     (1389,34,'Govt. Primary School\, Dicarpale',35,2),
                     (1390,35,'Craftsman Training Centre\, Nr.Govt.Balwadi\, Dicarpale',35,2),
                     (1391,36,'Govt. Balwadi\, Dicarpale',35,2),
                     (1392,37,'Govt Primary School\, Sao Jose De Areal/Oilemoll',35,2),
                     (1393,38,'Govt. Primary School\, Sao Jose De Areal/Padribhat',35,2),
                     (1394,39,'Govt. Primary School\, Sao Jose De Areal/Padribhat',35,2),
                     (1395,40,'Sao Jose De Areal\, Multipurpose Community Hall\, Molla',35,2),
                     (1396,41,'Govt Primary School\, Igregwado',35,2),
                     (1397,42,'Govt Primary School\, Igregwado',35,2),
                     (1398,43,'Govt. Primary School\, Mugalli',35,2),
                     (1399,44,'Govt. Primary School\, Mugalli',35,2),
                     (1400,1,'Govt. Primary School\, Cottombi\, Quepem Goa',36,2),
                     (1401,2,'Govt. Primary School\, Avedem\, Quepem Goa.',36,2),
                     (1402,3,'Old Govt. \, Avedem\, Quepem Goa.',36,2),
                     (1403,4,'Office Of the Inspector Of Survey & Land Records\, Quepem Goa',36,2),
                     (1404,5,'Government Office Complex\,Garage\, Quepem Goa.',36,2),
                     (1405,6,'Government Primary School\, \, Deao-Cusmon\,Quepem Goa',36,2),
                     (1406,7,'Government Primary School\, Deao-Cusmon\, Quepem Goa',36,2),
                     (1407,8,'Government Primary School\, Gaonkarwada\,Deao\,Quepem Goa.',36,2),
                     (1408,9,'Quepem Municipal Council Meeting Hall Quepem Goa.',36,2),
                     (1409,10,'Quepem Municipal Council - Administrative Block\, Quepem Goa',36,2),
                     (1410,11,'Government Primary School \, Ambaulim - Quepem Goa',36,2),
                     (1411,12,'Government Primary School\, South Wing\, Ambaulim - Quepem Goa',36,2),
                     (1412,13,'Government Primary School\, Kumbhar-Wada\, Sirvoi\, Quepem Goa',36,2),
                     (1413,14,'Government Primary School Borimol\, Quepem Goa',36,2),
                     (1414,15,'Government Primary School Borimol\, Quepem Goa',36,2),
                     (1415,16,'Asst.Eng\, Sub Division II\, Work Division XIV\, Command Area Development Authority\, Quepem Goa',36,2),
                     (1416,17,'Government Primary School \, Cotto - Amona \, Quepem Goa',36,2),
                     (1417,18,'Government Primary School Cotto - Amona\, Quepem Goa',36,2),
                     (1418,19,'Government Primary School\, Amona Chinchemol - Amona\, Quepem Goa',36,2),
                     (1419,20,'Government Primary School\, Adnem\, Quepem Goa',36,2),
                     (1420,21,'Government Primary School\, Cupe\, Adnem - Balli\, Quepem Goa',36,2),
                     (1421,22,'Government Primary School\, Cotta - Fatorpa Quepem Goa',36,2),
                     (1422,23,'Government Primary School\, Cordem - Balli\, Quepem Goa',36,2),
                     (1423,24,'Government Primary and Middle School\, Benurdem\, Quepem Goa',36,2),
                     (1424,25,'Government Primary School Bomdamol-Fatorpa\, Quepem Goa',36,2),
                     (1425,26,'Government High School \, Bomdamol - Fatorpa\,Quepem Goa',36,2),
                     (1426,27,'Government Primary School Bomdamol- Fatorpa\, Quepem Goa',36,2),
                     (1427,28,'Government Primary School\, Quitol\, Quepem - Goa',36,2),
                     (1428,29,'Government Primary School\, Betul-Quepem-Goa',36,2),
                     (1429,30,'Office Of the Village Panchayat Naqueri-Betul\, Quepem- Goa',36,2),
                     (1430,31,'Village Community Hall\, Canaguinim\, Quepem - Goa',36,2),
                     (1431,32,'Government Middle School\, Canibag Fatorpa Quepem-Goa',36,2),
                     (1432,33,'Government Primary School\, Morpirla Quepem - Goa',36,2),
                     (1433,34,'Government Primary School\, Dabem- Morpirla\, Quepem - Goa',36,2),
                     (1434,35,'Bhagawant Mahavir Govt. High School\, Padi Quepem',36,2),
                     (1435,36,'Govt. Primary School\, Subdolem-Barcem Quepem',36,2),
                     (1436,37,'Govt. Primary School\, Shirli Barcem Quepem',36,2),
                     (1437,38,'Govt Primary School\, Barcem Quepem',36,2),
                     (1438,39,'Govt. Primary School\, Velipwadda',36,2),
                     (1439,40,'Govt. Primary School\, Quisconda Quepem-Goa',36,2),
                     (1440,41,'Govt. Primary School\, Nuvem Khol\, Canacona',36,2),
                     (1441,42,'Govt. Primary School\, Cuddi Khol\, Canacona',36,2),
                     (1442,43,'Govt. Primary School\, Popoidando\, Canacona',36,2),
                     (1443,44,'Govt. Primary School\, Shiroti Canacona',36,2),
                     (1444,45,'Govt. Primary School\, Saleri Khol\, Canacona',36,2),
                     (1445,46,'Gurukul Middle School Kajumol Khol\, Canacona',36,2),
                     (1446,1,'Government Primary School\, Hodar',37,2),
                     (1447,2,'Government Primary School\, Xelvona',37,2),
                     (1448,3,'Govt. Primary School\, Assolda',37,2),
                     (1449,4,'Govt. Primary School\, Assolda',37,2),
                     (1450,5,'Govt. Primary School\, Dhamadwada Xeldem',37,2),
                     (1451,6,'Govt. Primary School Gonvol-Shelde',37,2),
                     (1452,7,'Govt. Primary School\, Dhamadwada Xeldem',37,2),
                     (1453,8,'Govt. High School\,Sheldem Quepem',37,2),
                     (1454,9,'Govt. High School Sheldem Quepem',37,2),
                     (1455,10,'Gram Panchayat Ground Pavilion Room\,Tilamol',37,2),
                     (1456,11,'Government Primary School\, Kumbharwada',37,2),
                     (1457,12,'Electricity Department Section Office\,Tilamol\, Xeldem',37,2),
                     (1458,13,'Government Primary School\, Cacumordi (St. Cruz)',37,2),
                     (1459,14,'Govt. Primary School Betmordi',37,2),
                     (1460,15,'Govt. Primary School\, Betmordi',37,2),
                     (1461,16,'Government Primary School\, Ghotmorad',37,2),
                     (1462,17,'Government Primary School\, Khamamol',37,2),
                     (1463,18,'Govt. Primary School\, Camaral Curchorem',37,2),
                     (1464,19,'Govt. Primary School\, Shree Gajanan Curchorem Goa',37,2),
                     (1465,20,'Smt. Chandrabhaga Tokuba Naik High School Curchorem Goa Room No. 2\,Gate No. 1',37,2),
                     (1466,21,'Sarvanjin Bal Vikas Yojana\, Shirford Curchorem Goa',37,2),
                     (1467,22,'Govt. Primary School Baga Curchorem',37,2),
                     (1468,23,'Govt. Primary School Curchorem',37,2),
                     (1469,24,'Govt. Primary School Curchorem',37,2),
                     (1470,25,'The Sports Authority of Goa Upgraded Indoor Sports Hall\, Curchorem',37,2),
                     (1471,26,'The New Education Institute\, Curchorem',37,2),
                     (1472,27,'Government Primary School\, Pontemol',37,2),
                     (1473,28,'Government Primary School\, Pontemol',37,2),
                     (1474,29,'Govt. of Goa\, Office of the Assistant Engineer\, Electricity Dept. Sub Div. I Curchorem - Goa',37,2),
                     (1475,30,'Curchorem - Cacora Municipal Council\, Deulsai Cacora',37,2),
                     (1476,31,'Govt. Primary School Maad-Cacora',37,2),
                     (1477,32,'Govt. Primary School Maad- Cacora',37,2),
                     (1478,33,'Govt. Primary School Cacora',37,2),
                     (1479,34,'Govt. Primary School\, Cacora',37,2),
                     (1480,35,'The New Education Institute Curchorem',37,2),
                     (1481,36,'Govt. of Goa\, Office of the Assistant Engineer\, Electricity Dept. Sub Div. IV (Const) Curchorem- Goa',37,2),
                     (1482,37,'The New Education Institute\, Curchorem',37,2),
                     (1483,38,'Government Primary School\, Ghadiwada\, Cacora',37,2),
                     (1484,39,'Industrial Training Institute\, Cacora',37,2),
                     (1485,40,'Industrial Training Institute\, Cacora',37,2),
                     (1486,41,'Government Primary School\, Soliem',37,2),
                     (1487,1,'Government Primary School\, Dharguem',38,2),
                     (1488,2,'Government Primary School\, Udalshem',38,2),
                     (1489,3,'Government Primary School\, Navem',38,2),
                     (1490,4,'Govt. Primary School\,Surla',38,2),
                     (1491,5,'Govt. Primary School\,Sancorda',38,2),
                     (1492,6,'Govt. Primary School\, Malem',38,2),
                     (1493,7,'Government Primary School Gurkhem',38,2),
                     (1494,8,'Government Primary School\, Tamsodo',38,2),
                     (1495,9,'Government Primary School Pratap Nagar',38,2),
                     (1496,10,'Govt.Primary School\, Pilliem \, Dharbandora',38,2),
                     (1497,11,'Govt.Primary School\, Pilliem \, Dharbandora',38,2),
                     (1498,12,'Government Primary School Dayanand Nagar',38,2),
                     (1499,13,'Government Primary School Daukond',38,2),
                     (1500,14,'Govt.Primary School\, Codli',38,2),
                     (1501,15,'Immaculate Conception Parochial Primary School\, Kalsai',38,2),
                     (1502,16,'Government Primary School Dabal',38,2),
                     (1503,17,'Government Primary School Camarcond',38,2),
                     (1504,18,'Government Primary School Vaghona',38,2),
                     (1505,19,'Government Primary School Kirlapal',38,2),
                     (1506,20,'Government Primary School Bandol',38,2),
                     (1507,21,'Government Primary School Cormonem',38,2),
                     (1508,22,'Government Primary School Dhat',38,2),
                     (1509,23,'Government Primary School Casavlim',38,2),
                     (1510,24,'Government Primary School Mollem',38,2),
                     (1511,25,'Govt.Primary School\, Collem',38,2),
                     (1512,26,'Govt.Primary School\, Collem',38,2),
                     (1513,27,'Govt.Primary School\, Collem',38,2),
                     (1514,28,'Govt.Primary School\, Maida\, Collem',38,2),
                     (1515,29,'Govt. Primary School\, Bharipwada',38,2),
                     (1516,30,'Government Primary School Vakekulna',38,2),
                     (1517,31,'Government Primary School\, Shigao',38,2),
                     (1518,32,'Government Primary School Ambeudok',38,2),
                     (1519,33,'Government Primary School Guddemol',38,2),
                     (1520,34,'Govt. Primary School \,Sanvordem (East)',38,2),
                     (1521,35,'Shree Sharda English High School\, Sanvordem',38,2),
                     (1522,36,'Village Panchayat Office\, Sanvordem',38,2),
                     (1523,37,'Govt. Primary School Complex\, Savordem (West)',38,2),
                     (1524,38,'Government Primary School Dhadem',38,2),
                     (1525,39,'Government Primary School Mirabag',38,2),
                     (1526,40,'Governement Primary School Costi',38,2),
                     (1527,41,'Govt.Primary School\, Calem',38,2),
                     (1528,42,'Govt.Primary School\, Calem',38,2),
                     (1529,43,'Sarvangin Balvikas Yojana Anganwadi\,Calem',38,2),
                     (1530,44,'Government Primary School Maulinguem',38,2),
                     (1531,1,'Govt.Primary School Mugoli',39,2),
                     (1532,2,'Govt.Primary School\, Pajimol',39,2),
                     (1533,3,'Govt.Primary school Pajimol',39,2),
                     (1534,4,'Village Panchayat Office Hall Uguem',39,2),
                     (1535,5,'Govt.Primary school Uguem',39,2),
                     (1536,6,'Govt. Primary School\, Cortali',39,2),
                     (1537,7,'Govt. Primary School\, Cortali',39,2),
                     (1538,8,'Govt. Primary School Dando',39,2),
                     (1539,9,'Govt.Primary School\, Taripanto',39,2),
                     (1540,10,'Govt. Hr. Secondary School\, Khairekhatem',39,2),
                     (1541,11,'Govt. Hr. Secondary School\, Khairekhatem',39,2),
                     (1542,12,'Govt. Primary School Orcotto',39,2),
                     (1543,13,'Govt.Taluka Library Hall Pattem\, Sanguem',39,2),
                     (1544,14,'Govt. Primary School Pattem',39,2),
                     (1545,15,'Govt. Primary School Pattem',39,2),
                     (1546,16,'Govt. Primary School\, Valkini',39,2),
                     (1547,17,'Govt. Primary School Congarem Bhati',39,2),
                     (1548,18,'Govt. Primary School Bhati',39,2),
                     (1549,19,'Govt. Primary School Villiena',39,2),
                     (1550,20,'Govt. Primary School Molcopona',39,2),
                     (1551,21,'Govt. High School Molcornem',39,2),
                     (1552,22,'Govt.High School Molcornem',39,2),
                     (1553,23,'Govt. Primary School Molcornem',39,2),
                     (1554,24,'Govt. Primary School Zambaulim',39,2),
                     (1555,25,'Govt. Primary School Sudhirwada',39,2),
                     (1556,26,'Govt. Primary School\, Sudhirwada',39,2),
                     (1557,27,'Govt. Primary School Keri',39,2),
                     (1558,28,'Govt. Primary School Shivsorem',39,2),
                     (1559,29,'Govt Primary School\, Sancolpem',39,2),
                     (1560,30,'Govt. Primary School Kevona',39,2),
                     (1561,31,'Govt. Primary School Vaddem',39,2),
                     (1562,32,'Govt. Primary School Vaddem',39,2),
                     (1563,33,'Govt. Primary School Vaddem',39,2),
                     (1564,34,'Govt. Primary School Satarkarwada',39,2),
                     (1565,35,'Govt. Primary School Cavorem',39,2),
                     (1566,36,'Govt. Primary School Cavorem',39,2),
                     (1567,37,'Govt. Primary School Pirla',39,2),
                     (1568,38,'Govt. Primary School\, Cazur',39,2),
                     (1569,39,'Govt. Primary School Vichundrem',39,2),
                     (1570,40,'Govt.Primary School Nundem',39,2),
                     (1571,41,'Govt.Primary School Margawada',39,2),
                     (1572,42,'Govt.Primary School Verlem',39,2),
                     (1573,43,'Govt.Primary School Salgini',39,2),
                     (1574,1,'Government Primary School \, Parvem',40,2),
                     (1575,2,'Government Primary School \, Parvem',40,2),
                     (1576,3,'Government Primary School \, Dhavalkhajan',40,2),
                     (1577,4,'Government High School \, Desaiwada',40,2),
                     (1578,5,'Government High School Desaiwada',40,2),
                     (1579,6,'Government Primary School \, Chaudi',40,2),
                     (1580,7,'Government Primary School \, Sawantwada',40,2),
                     (1581,8,'Govt. Primary School Nagarcem',40,2),
                     (1582,9,'Govt. Primary School\, Nagarcem',40,2),
                     (1583,10,'Govt. Middle School Patnem',40,2),
                     (1584,11,'Govt. Middle School Patnem',40,2),
                     (1585,12,'Govt. Primary School \, Kindlebag',40,2),
                     (1586,13,'Govt. Middle School \, Palolem',40,2),
                     (1587,14,'Govt. Middle School \, Palolem',40,2),
                     (1588,15,'Govt. Primary School \, Ponsulem',40,2),
                     (1589,16,'Govt. Primary School \, Ponsulem',40,2),
                     (1590,17,'Govt. Primary School \, Panyefond-Mangan',40,2),
                     (1591,18,'Govt. Primary School \, Delem',40,2),
                     (1592,19,'Govt. Primary School \, Mastimol',40,2),
                     (1593,20,'Govt. Primary School \, Mastimol',40,2),
                     (1594,21,'Govt. Primary School Gulem',40,2),
                     (1595,22,'Govt. Primary School Shristhal',40,2),
                     (1596,23,'Govt. Primary School \, Nuvem',40,2),
                     (1597,24,'Govt. Middle School \, Bhatpal',40,2),
                     (1598,25,'Govt. Middle School \, Bhatpal',40,2),
                     (1599,26,'Govt. Primary School \, Ardhfond-Passal',40,2),
                     (1600,27,'Govt. Primary School \, Galjibag',40,2),
                     (1601,28,'Govt. Primary School \, Talpona',40,2),
                     (1602,29,'Govt. Primary School \, Mahalwada',40,2),
                     (1603,30,'Govt. Primary School \, Sadolxem',40,2),
                     (1604,31,'Govt. Primary School \, Galiem',40,2),
                     (1605,32,'Govt. Primary School Welwada',40,2),
                     (1606,33,'Govt. Primary School \, Partgal',40,2),
                     (1607,34,'Govt. Primary School \, Iddar',40,2),
                     (1608,35,'Govt. Primary School \, Maxem',40,2),
                     (1609,36,'Govt. Primary School \, Agas',40,2),
                     (1610,37,'Govt. Primary School \, Loliem',40,2),
                     (1611,38,'Govt. Primary School \, Kajalker',40,2),
                     (1612,39,'Govt. Primary School \, Shelli',40,2),
                     (1613,40,'Govt. Primary School \, Tanshe',40,2),
                     (1614,41,'Govt. Primary School Blg.\, Polem',40,2),
                     (1615,42,'Govt. Middle School \, Amonem',40,2),
                     (1616,43,'Govt. Primary School \, Marli',40,2),
                     (1617,44,'Govt. Primary School \, Edda',40,2),
                     (1618,45,'Govt. Primary School \, Avem',40,2),
                     (1619,46,'Govt. Primary School Mahal\, Banddem',40,2),
                     (1620,47,'Govt. Primary School \, Karvem',40,2),
                     (1621,48,'Govt. Primary School \, Shristhal',40,2),
                     (1622,49,'Govt. Primary School \, Kudewada',40,2),
                     (1623,50,'Govt. Primary School \, Tudal',40,2),
                     (1624,51,'Govt. Primary School Upper Bodsorem',40,2),
                     (1625,52,'Govt. Primary School \, Ziltawadi',40,2);

-- Inserting data into Users table
INSERT INTO Users(user_id, first_name, last_name, mobile_number,password, user_role, part_id, constituency_id, district_id) VALUES
                     (1,'Hilde','Ferrini',1111111111,'$2a$10$D/zO082hR5fMsOxqW1mHQ.E7g6KUBWQTqeD4K6cFSGSHO01b3IS2.','BLO','20','31','2'),
                     (2,'Christoper','Pendrich',1111111112,'$2a$10$D/zO082hR5fMsOxqW1mHQ.E7g6KUBWQTqeD4K6cFSGSHO01b3IS2.','BLO','2','12','1'),
                     (3,'Dasha','Paudin',1111111113,'$2a$10$D/zO082hR5fMsOxqW1mHQ.E7g6KUBWQTqeD4K6cFSGSHO01b3IS2.','BLO','18','18','1'),
                     (4,'Barbaraanne','Karleman',1111111114,'$2a$10$D/zO082hR5fMsOxqW1mHQ.E7g6KUBWQTqeD4K6cFSGSHO01b3IS2.','BLO','6','23','2'),
                     (5,'Renee','Menzies',1111111115,'$2a$10$D/zO082hR5fMsOxqW1mHQ.E7g6KUBWQTqeD4K6cFSGSHO01b3IS2.','BLO','18','21','1'),
                     (6,'Beulah','Samsin',1111111116,'$2a$10$D/zO082hR5fMsOxqW1mHQ.E7g6KUBWQTqeD4K6cFSGSHO01b3IS2.','BLO','10','29','2'),
                     (7,'Dirk','Barabisch',1111111117,'$2a$10$D/zO082hR5fMsOxqW1mHQ.E7g6KUBWQTqeD4K6cFSGSHO01b3IS2.','BLO','15','21','1'),
                     (8,'Elberta','Harral',1111111118,'$2a$10$D/zO082hR5fMsOxqW1mHQ.E7g6KUBWQTqeD4K6cFSGSHO01b3IS2.','BLO','18','28','2'),
                     (9,'Lawton','Warboy',1111111119,'$2a$10$D/zO082hR5fMsOxqW1mHQ.E7g6KUBWQTqeD4K6cFSGSHO01b3IS2.','BLO','4','39','1'),
                     (10,'Forster','Cleghorn',1111111120,'$2a$10$D/zO082hR5fMsOxqW1mHQ.E7g6KUBWQTqeD4K6cFSGSHO01b3IS2.','BLO','12','32','2'),
                     (11,'Dun','Naisbet',1111111121,'$2a$10$D/zO082hR5fMsOxqW1mHQ.E7g6KUBWQTqeD4K6cFSGSHO01b3IS2.','BLO','4','14','2'),
                     (12,'Bill','Passman',1111111122,'$2a$10$D/zO082hR5fMsOxqW1mHQ.E7g6KUBWQTqeD4K6cFSGSHO01b3IS2.','BLO','2','32','2'),
                     (13,'Valentia','Gramer',1111111123,'$2a$10$D/zO082hR5fMsOxqW1mHQ.E7g6KUBWQTqeD4K6cFSGSHO01b3IS2.','BLO','20','37','1'),
                     (14,'Janith','Da Costa',1111111124,'$2a$10$D/zO082hR5fMsOxqW1mHQ.E7g6KUBWQTqeD4K6cFSGSHO01b3IS2.','BLO','12','19','2'),
                     (15,'Crosby','Evreux',1111111125,'$2a$10$D/zO082hR5fMsOxqW1mHQ.E7g6KUBWQTqeD4K6cFSGSHO01b3IS2.','BLO','3','15','2'),
                     (16,'Orson','Bidgod',1111111126,'$2a$10$D/zO082hR5fMsOxqW1mHQ.E7g6KUBWQTqeD4K6cFSGSHO01b3IS2.','BLO','15','32','2'),
                     (17,'Agathe','Matcham',1111111127,'$2a$10$D/zO082hR5fMsOxqW1mHQ.E7g6KUBWQTqeD4K6cFSGSHO01b3IS2.','BLO','13','30','2'),
                     (18,'Tiffani','Cock',1111111128,'$2a$10$D/zO082hR5fMsOxqW1mHQ.E7g6KUBWQTqeD4K6cFSGSHO01b3IS2.','BLO','7','39','2'),
                     (19,'Verne','MacGow',1111111129,'$2a$10$D/zO082hR5fMsOxqW1mHQ.E7g6KUBWQTqeD4K6cFSGSHO01b3IS2.','BLO','18','15','2'),
                     (20,'Abra','Watman',1111111130,'$2a$10$D/zO082hR5fMsOxqW1mHQ.E7g6KUBWQTqeD4K6cFSGSHO01b3IS2.','BLO','9','19','1'),
                     (21,'Wendi','Burt',1111111131,'$2a$10$D/zO082hR5fMsOxqW1mHQ.E7g6KUBWQTqeD4K6cFSGSHO01b3IS2.','BLO','15','7','1'),
                     (22,'Zebulen','Gamett',1111111132,'$2a$10$D/zO082hR5fMsOxqW1mHQ.E7g6KUBWQTqeD4K6cFSGSHO01b3IS2.','BLO','2','32','1'),
                     (23,'Gilberto','Tull',1111111133,'$2a$10$D/zO082hR5fMsOxqW1mHQ.E7g6KUBWQTqeD4K6cFSGSHO01b3IS2.','BLO','14','21','1'),
                     (24,'Rayshell','Warbey',1111111134,'$2a$10$D/zO082hR5fMsOxqW1mHQ.E7g6KUBWQTqeD4K6cFSGSHO01b3IS2.','BLO','20','29','2'),
                     (25,'Heida','Kobelt',1111111135,'$2a$10$D/zO082hR5fMsOxqW1mHQ.E7g6KUBWQTqeD4K6cFSGSHO01b3IS2.','BLO','4','19','1'),
                     (26,'Ania','Gillatt',1111111136,'$2a$10$D/zO082hR5fMsOxqW1mHQ.E7g6KUBWQTqeD4K6cFSGSHO01b3IS2.','BLO','11','7','2'),
                     (27,'Marietta','Hammill',1111111137,'$2a$10$D/zO082hR5fMsOxqW1mHQ.E7g6KUBWQTqeD4K6cFSGSHO01b3IS2.','BLO','20','14','2'),
                     (28,'Ruprecht','de Villier',1111111138,'$2a$10$D/zO082hR5fMsOxqW1mHQ.E7g6KUBWQTqeD4K6cFSGSHO01b3IS2.','BLO','13','25','2'),
                     (29,'Hewett','Starcks',1111111139,'$2a$10$D/zO082hR5fMsOxqW1mHQ.E7g6KUBWQTqeD4K6cFSGSHO01b3IS2.','BLO','18','17','2'),
                     (30,'Bronny','Gillott',1111111140,'$2a$10$D/zO082hR5fMsOxqW1mHQ.E7g6KUBWQTqeD4K6cFSGSHO01b3IS2.','BLO','8','5','2'),
                     (31,'Webb','Learned',1111111141,'$2a$10$D/zO082hR5fMsOxqW1mHQ.E7g6KUBWQTqeD4K6cFSGSHO01b3IS2.','BLO','15','37','2'),
                     (32,'Euphemia','Branche',1111111142,'$2a$10$D/zO082hR5fMsOxqW1mHQ.E7g6KUBWQTqeD4K6cFSGSHO01b3IS2.','BLO','10','19','2'),
                     (33,'Cecilla','Fretwell',1111111143,'$2a$10$D/zO082hR5fMsOxqW1mHQ.E7g6KUBWQTqeD4K6cFSGSHO01b3IS2.','BLO','1','30','2'),
                     (34,'Valle','Hedling',1111111144,'$2a$10$D/zO082hR5fMsOxqW1mHQ.E7g6KUBWQTqeD4K6cFSGSHO01b3IS2.','BLO','18','21','1'),
                     (35,'Merrel','Huntar',1111111145,'$2a$10$D/zO082hR5fMsOxqW1mHQ.E7g6KUBWQTqeD4K6cFSGSHO01b3IS2.','BLO','11','30','1'),
                     (36,'Abby','Lemmanbie',1111111146,'$2a$10$D/zO082hR5fMsOxqW1mHQ.E7g6KUBWQTqeD4K6cFSGSHO01b3IS2.','BLO','7','2','2'),
                     (37,'Ewan','Franklin',1111111147,'$2a$10$D/zO082hR5fMsOxqW1mHQ.E7g6KUBWQTqeD4K6cFSGSHO01b3IS2.','BLO','14','30','1'),
                     (38,'Benjy','Shord',1111111148,'$2a$10$D/zO082hR5fMsOxqW1mHQ.E7g6KUBWQTqeD4K6cFSGSHO01b3IS2.','BLO','3','9','2'),
                     (39,'Trevor','Claque',1111111149,'$2a$10$D/zO082hR5fMsOxqW1mHQ.E7g6KUBWQTqeD4K6cFSGSHO01b3IS2.','BLO','9','30','2'),
                     (40,'Town','Trevena',1111111150,'$2a$10$D/zO082hR5fMsOxqW1mHQ.E7g6KUBWQTqeD4K6cFSGSHO01b3IS2.','BLO','15','17','1'),
                     (41,'Katine','Von Welldun',1111111151,'$2a$10$D/zO082hR5fMsOxqW1mHQ.E7g6KUBWQTqeD4K6cFSGSHO01b3IS2.','BLO','3','26','2'),
                     (42,'Sybyl','Cometson',1111111152,'$2a$10$D/zO082hR5fMsOxqW1mHQ.E7g6KUBWQTqeD4K6cFSGSHO01b3IS2.','BLO','3','29','2'),
                     (43,'Nadeen','Paolone',1111111153,'$2a$10$D/zO082hR5fMsOxqW1mHQ.E7g6KUBWQTqeD4K6cFSGSHO01b3IS2.','BLO','16','23','2'),
                     (44,'Alene','Izhakov',1111111154,'$2a$10$D/zO082hR5fMsOxqW1mHQ.E7g6KUBWQTqeD4K6cFSGSHO01b3IS2.','BLO','15','16','1'),
                     (45,'Valerie','Boxill',1111111155,'$2a$10$D/zO082hR5fMsOxqW1mHQ.E7g6KUBWQTqeD4K6cFSGSHO01b3IS2.','BLO','9','17','2'),
                     (46,'Garner','Riggoll',1111111156,'$2a$10$D/zO082hR5fMsOxqW1mHQ.E7g6KUBWQTqeD4K6cFSGSHO01b3IS2.','BLO','20','1','1'),
                     (47,'Ortensia','Nijssen',1111111157,'$2a$10$D/zO082hR5fMsOxqW1mHQ.E7g6KUBWQTqeD4K6cFSGSHO01b3IS2.','BLO','4','16','2'),
                     (48,'Joel','Halwood',1111111158,'$2a$10$D/zO082hR5fMsOxqW1mHQ.E7g6KUBWQTqeD4K6cFSGSHO01b3IS2.','BLO','1','14','2'),
                     (49,'Wake','Shearmer',1111111159,'$2a$10$D/zO082hR5fMsOxqW1mHQ.E7g6KUBWQTqeD4K6cFSGSHO01b3IS2.','BLO','19','12','1'),
                     (50,'Dore','Tremolieres',1111111160,'$2a$10$D/zO082hR5fMsOxqW1mHQ.E7g6KUBWQTqeD4K6cFSGSHO01b3IS2.','BLO','7','25','2'),
                     (51,'Geri','Forlong',1111111161,'$2a$10$D/zO082hR5fMsOxqW1mHQ.E7g6KUBWQTqeD4K6cFSGSHO01b3IS2.','BLO','18','3','1'),
                     (52,'Rick','Scrivenor',1111111162,'$2a$10$D/zO082hR5fMsOxqW1mHQ.E7g6KUBWQTqeD4K6cFSGSHO01b3IS2.','BLO','13','3','1'),
                     (53,'Darcee','Kinvig',1111111163,'$2a$10$D/zO082hR5fMsOxqW1mHQ.E7g6KUBWQTqeD4K6cFSGSHO01b3IS2.','BLO','12','37','2'),
                     (54,'Brigit','Veel',1111111164,'$2a$10$D/zO082hR5fMsOxqW1mHQ.E7g6KUBWQTqeD4K6cFSGSHO01b3IS2.','BLO','5','16','1'),
                     (55,'Juditha','Dugmore',1111111165,'$2a$10$D/zO082hR5fMsOxqW1mHQ.E7g6KUBWQTqeD4K6cFSGSHO01b3IS2.','BLO','11','17','1'),
                     (56,'Hube','Lenormand',1111111166,'$2a$10$D/zO082hR5fMsOxqW1mHQ.E7g6KUBWQTqeD4K6cFSGSHO01b3IS2.','BLO','20','29','2'),
                     (57,'Shepherd','Soldi',1111111167,'$2a$10$D/zO082hR5fMsOxqW1mHQ.E7g6KUBWQTqeD4K6cFSGSHO01b3IS2.','BLO','19','16','2'),
                     (58,'Berget','Tallquist',1111111168,'$2a$10$D/zO082hR5fMsOxqW1mHQ.E7g6KUBWQTqeD4K6cFSGSHO01b3IS2.','BLO','14','8','2'),
                     (59,'Kimberlyn','Waldock',1111111169,'$2a$10$D/zO082hR5fMsOxqW1mHQ.E7g6KUBWQTqeD4K6cFSGSHO01b3IS2.','BLO','10','6','2'),
                     (60,'Bliss','Skeen',1111111170,'$2a$10$D/zO082hR5fMsOxqW1mHQ.E7g6KUBWQTqeD4K6cFSGSHO01b3IS2.','BLO','18','20','1'),
                     (61,'Angel','Pedel',1111111171,'$2a$10$D/zO082hR5fMsOxqW1mHQ.E7g6KUBWQTqeD4K6cFSGSHO01b3IS2.','BLO','13','16','2'),
                     (62,'Ellissa','Allardyce',1111111172,'$2a$10$D/zO082hR5fMsOxqW1mHQ.E7g6KUBWQTqeD4K6cFSGSHO01b3IS2.','BLO','19','24','1'),
                     (63,'Ranna','Backhurst',1111111173,'$2a$10$D/zO082hR5fMsOxqW1mHQ.E7g6KUBWQTqeD4K6cFSGSHO01b3IS2.','BLO','13','11','1'),
                     (64,'Lennard','Brevitt',1111111174,'$2a$10$D/zO082hR5fMsOxqW1mHQ.E7g6KUBWQTqeD4K6cFSGSHO01b3IS2.','BLO','4','22','1'),
                     (65,'Jolie','Teasdale-Markie',1111111175,'$2a$10$D/zO082hR5fMsOxqW1mHQ.E7g6KUBWQTqeD4K6cFSGSHO01b3IS2.','BLO','13','15','2'),
                     (66,'Tod','Blacklawe',1111111176,'$2a$10$D/zO082hR5fMsOxqW1mHQ.E7g6KUBWQTqeD4K6cFSGSHO01b3IS2.','BLO','15','24','2'),
                     (67,'Cristen','Stambridge',1111111177,'$2a$10$D/zO082hR5fMsOxqW1mHQ.E7g6KUBWQTqeD4K6cFSGSHO01b3IS2.','BLO','20','37','1'),
                     (68,'Ailina','Ackenhead',1111111178,'$2a$10$D/zO082hR5fMsOxqW1mHQ.E7g6KUBWQTqeD4K6cFSGSHO01b3IS2.','BLO','6','34','1'),
                     (69,'Harriett','Lodder',1111111179,'$2a$10$D/zO082hR5fMsOxqW1mHQ.E7g6KUBWQTqeD4K6cFSGSHO01b3IS2.','BLO','9','33','2'),
                     (70,'Hyacintha','Bille',1111111180,'$2a$10$D/zO082hR5fMsOxqW1mHQ.E7g6KUBWQTqeD4K6cFSGSHO01b3IS2.','BLO','2','20','2'),
                     (71,'Shepperd','Handasyde',1111111181,'$2a$10$D/zO082hR5fMsOxqW1mHQ.E7g6KUBWQTqeD4K6cFSGSHO01b3IS2.','BLO','8','33','2'),
                     (72,'Cindi','Quarry',1111111182,'$2a$10$D/zO082hR5fMsOxqW1mHQ.E7g6KUBWQTqeD4K6cFSGSHO01b3IS2.','BLO','19','14','1'),
                     (73,'Manfred','Southeran',1111111183,'$2a$10$D/zO082hR5fMsOxqW1mHQ.E7g6KUBWQTqeD4K6cFSGSHO01b3IS2.','BLO','4','20','1'),
                     (74,'Dorisa','Portriss',1111111184,'$2a$10$D/zO082hR5fMsOxqW1mHQ.E7g6KUBWQTqeD4K6cFSGSHO01b3IS2.','BLO','15','30','1'),
                     (75,'Raquel','Wain',1111111185,'$2a$10$D/zO082hR5fMsOxqW1mHQ.E7g6KUBWQTqeD4K6cFSGSHO01b3IS2.','BLO','13','33','1'),
                     (76,'Sascha','Asson',1111111186,'$2a$10$D/zO082hR5fMsOxqW1mHQ.E7g6KUBWQTqeD4K6cFSGSHO01b3IS2.','BLO','10','32','1'),
                     (77,'Amory','Brandsen',1111111187,'$2a$10$D/zO082hR5fMsOxqW1mHQ.E7g6KUBWQTqeD4K6cFSGSHO01b3IS2.','BLO','3','7','1'),
                     (78,'Martguerita','Hambatch',1111111188,'$2a$10$D/zO082hR5fMsOxqW1mHQ.E7g6KUBWQTqeD4K6cFSGSHO01b3IS2.','BLO','11','9','1'),
                     (79,'Ermengarde','Soar',1111111189,'$2a$10$D/zO082hR5fMsOxqW1mHQ.E7g6KUBWQTqeD4K6cFSGSHO01b3IS2.','BLO','11','1','1'),
                     (80,'Waring','Felgat',1111111190,'$2a$10$D/zO082hR5fMsOxqW1mHQ.E7g6KUBWQTqeD4K6cFSGSHO01b3IS2.','BLO','8','1','1'),
                     (81,'Nikola','Lightfoot',1111111191,'$2a$10$D/zO082hR5fMsOxqW1mHQ.E7g6KUBWQTqeD4K6cFSGSHO01b3IS2.','BLO','13','31','2'),
                     (82,'Janot','Cristoforo',1111111192,'$2a$10$D/zO082hR5fMsOxqW1mHQ.E7g6KUBWQTqeD4K6cFSGSHO01b3IS2.','BLO','1','26','1'),
                     (83,'Georgi','Cockland',1111111193,'$2a$10$D/zO082hR5fMsOxqW1mHQ.E7g6KUBWQTqeD4K6cFSGSHO01b3IS2.','BLO','5','17','1'),
                     (84,'Teddi','Maskill',1111111194,'$2a$10$D/zO082hR5fMsOxqW1mHQ.E7g6KUBWQTqeD4K6cFSGSHO01b3IS2.','BLO','17','26','1'),
                     (85,'Carina','Redferne',1111111195,'$2a$10$D/zO082hR5fMsOxqW1mHQ.E7g6KUBWQTqeD4K6cFSGSHO01b3IS2.','BLO','16','35','1'),
                     (86,'Rozina','Guidone',1111111196,'$2a$10$D/zO082hR5fMsOxqW1mHQ.E7g6KUBWQTqeD4K6cFSGSHO01b3IS2.','BLO','3','1','1'),
                     (87,'Symon','Losbie',1111111197,'$2a$10$D/zO082hR5fMsOxqW1mHQ.E7g6KUBWQTqeD4K6cFSGSHO01b3IS2.','BLO','2','2','1'),
                     (88,'Darin','Brandrick',1111111198,'$2a$10$D/zO082hR5fMsOxqW1mHQ.E7g6KUBWQTqeD4K6cFSGSHO01b3IS2.','BLO','14','15','2'),
                     (89,'Roman','Ashfold',1111111199,'$2a$10$D/zO082hR5fMsOxqW1mHQ.E7g6KUBWQTqeD4K6cFSGSHO01b3IS2.','BLO','20','28','2'),
                     (90,'Camel','Brissard',1111111200,'$2a$10$D/zO082hR5fMsOxqW1mHQ.E7g6KUBWQTqeD4K6cFSGSHO01b3IS2.','BLO','18','1','1'),
                     (91,'Matias','Pearse',1111111201,'$2a$10$D/zO082hR5fMsOxqW1mHQ.E7g6KUBWQTqeD4K6cFSGSHO01b3IS2.','BLO','8','4','1'),
                     (92,'Martynne','Senett',1111111202,'$2a$10$D/zO082hR5fMsOxqW1mHQ.E7g6KUBWQTqeD4K6cFSGSHO01b3IS2.','BLO','6','4','1'),
                     (93,'Daryn','Fawlks',1111111203,'$2a$10$D/zO082hR5fMsOxqW1mHQ.E7g6KUBWQTqeD4K6cFSGSHO01b3IS2.','BLO','19','39','2'),
                     (94,'Lilith','Wisam',1111111204,'$2a$10$D/zO082hR5fMsOxqW1mHQ.E7g6KUBWQTqeD4K6cFSGSHO01b3IS2.','BLO','5','16','1'),
                     (95,'Frants','Dallicoat',1111111205,'$2a$10$D/zO082hR5fMsOxqW1mHQ.E7g6KUBWQTqeD4K6cFSGSHO01b3IS2.','BLO','16','4','2'),
                     (96,'Kala','Gores',1111111206,'$2a$10$D/zO082hR5fMsOxqW1mHQ.E7g6KUBWQTqeD4K6cFSGSHO01b3IS2.','BLO','1','30','2'),
                     (97,'Tabina','Vesty',1111111207,'$2a$10$D/zO082hR5fMsOxqW1mHQ.E7g6KUBWQTqeD4K6cFSGSHO01b3IS2.','BLO','15','23','1'),
                     (98,'Daffi','Andreacci',1111111208,'$2a$10$D/zO082hR5fMsOxqW1mHQ.E7g6KUBWQTqeD4K6cFSGSHO01b3IS2.','BLO','18','1','1'),
                     (99,'Ulberto','Hasnney',1111111209,'$2a$10$D/zO082hR5fMsOxqW1mHQ.E7g6KUBWQTqeD4K6cFSGSHO01b3IS2.','BLO','4','4','1'),
                     (100,'Marylin','Botting',1111111210,'$2a$10$D/zO082hR5fMsOxqW1mHQ.E7g6KUBWQTqeD4K6cFSGSHO01b3IS2.','BLO','8','13','2'),
                     (101,'Bourke','Vallentine',1111111211,'$2a$10$D/zO082hR5fMsOxqW1mHQ.E7g6KUBWQTqeD4K6cFSGSHO01b3IS2.','BLO','6','33','2'),
                     (102,'Kort','Elcock',1111111212,'$2a$10$D/zO082hR5fMsOxqW1mHQ.E7g6KUBWQTqeD4K6cFSGSHO01b3IS2.','BLO','5','39','1'),
                     (103,'Aindrea','Lacase',1111111213,'$2a$10$D/zO082hR5fMsOxqW1mHQ.E7g6KUBWQTqeD4K6cFSGSHO01b3IS2.','BLO','8','22','2'),
                     (104,'Cherilynn','Cordeux',1111111214,'$2a$10$D/zO082hR5fMsOxqW1mHQ.E7g6KUBWQTqeD4K6cFSGSHO01b3IS2.','BLO','18','20','2'),
                     (105,'Jannel','Woolvett',1111111215,'$2a$10$D/zO082hR5fMsOxqW1mHQ.E7g6KUBWQTqeD4K6cFSGSHO01b3IS2.','BLO','11','24','1'),
                     (106,'Welch','Attewell',1111111216,'$2a$10$D/zO082hR5fMsOxqW1mHQ.E7g6KUBWQTqeD4K6cFSGSHO01b3IS2.','BLO','18','20','1'),
                     (107,'Herve','Toll',1111111217,'$2a$10$D/zO082hR5fMsOxqW1mHQ.E7g6KUBWQTqeD4K6cFSGSHO01b3IS2.','BLO','12','26','2'),
                     (108,'Say','Shatliffe',1111111218,'$2a$10$D/zO082hR5fMsOxqW1mHQ.E7g6KUBWQTqeD4K6cFSGSHO01b3IS2.','BLO','4','9','1'),
                     (109,'Yorgos','Isac',1111111219,'$2a$10$D/zO082hR5fMsOxqW1mHQ.E7g6KUBWQTqeD4K6cFSGSHO01b3IS2.','BLO','6','26','1'),
                     (110,'Bary','Aldhous',1111111220,'$2a$10$D/zO082hR5fMsOxqW1mHQ.E7g6KUBWQTqeD4K6cFSGSHO01b3IS2.','BLO','18','32','2'),
                     (111,'Nessy','Doughartie',1111111221,'$2a$10$D/zO082hR5fMsOxqW1mHQ.E7g6KUBWQTqeD4K6cFSGSHO01b3IS2.','BLO','4','24','1'),
                     (112,'Leslie','Duligal',1111111222,'$2a$10$D/zO082hR5fMsOxqW1mHQ.E7g6KUBWQTqeD4K6cFSGSHO01b3IS2.','BLO','19','7','2'),
                     (113,'Domingo','Desport',1111111223,'$2a$10$D/zO082hR5fMsOxqW1mHQ.E7g6KUBWQTqeD4K6cFSGSHO01b3IS2.','BLO','20','35','2'),
                     (114,'Falkner','Coller',1111111224,'$2a$10$D/zO082hR5fMsOxqW1mHQ.E7g6KUBWQTqeD4K6cFSGSHO01b3IS2.','BLO','11','5','2'),
                     (115,'Edd','Di Claudio',1111111225,'$2a$10$D/zO082hR5fMsOxqW1mHQ.E7g6KUBWQTqeD4K6cFSGSHO01b3IS2.','BLO','13','20','1'),
                     (116,'Alika','Coie',1111111226,'$2a$10$D/zO082hR5fMsOxqW1mHQ.E7g6KUBWQTqeD4K6cFSGSHO01b3IS2.','BLO','20','23','2'),
                     (117,'Glynis','Rickert',1111111227,'$2a$10$D/zO082hR5fMsOxqW1mHQ.E7g6KUBWQTqeD4K6cFSGSHO01b3IS2.','BLO','17','16','1'),
                     (118,'Griffin','Howsego',1111111228,'$2a$10$D/zO082hR5fMsOxqW1mHQ.E7g6KUBWQTqeD4K6cFSGSHO01b3IS2.','BLO','20','35','1'),
                     (119,'Rafael','Randell',1111111229,'$2a$10$D/zO082hR5fMsOxqW1mHQ.E7g6KUBWQTqeD4K6cFSGSHO01b3IS2.','BLO','11','7','1'),
                     (120,'Leslie','Gannaway',1111111230,'$2a$10$D/zO082hR5fMsOxqW1mHQ.E7g6KUBWQTqeD4K6cFSGSHO01b3IS2.','BLO','13','39','1'),
                     (121,'Veda','Arias',1111111231,'$2a$10$D/zO082hR5fMsOxqW1mHQ.E7g6KUBWQTqeD4K6cFSGSHO01b3IS2.','BLO','6','22','2'),
                     (122,'Kirby','Lynagh',1111111232,'$2a$10$D/zO082hR5fMsOxqW1mHQ.E7g6KUBWQTqeD4K6cFSGSHO01b3IS2.','BLO','17','10','2'),
                     (123,'Hollie','Arch',1111111233,'$2a$10$D/zO082hR5fMsOxqW1mHQ.E7g6KUBWQTqeD4K6cFSGSHO01b3IS2.','BLO','16','30','2'),
                     (124,'Eleni','Philipeaux',1111111234,'$2a$10$D/zO082hR5fMsOxqW1mHQ.E7g6KUBWQTqeD4K6cFSGSHO01b3IS2.','BLO','19','32','1'),
                     (125,'Tremain','Jansey',1111111235,'$2a$10$D/zO082hR5fMsOxqW1mHQ.E7g6KUBWQTqeD4K6cFSGSHO01b3IS2.','BLO','14','6','2'),
                     (126,'Windham','Dadson',1111111236,'$2a$10$D/zO082hR5fMsOxqW1mHQ.E7g6KUBWQTqeD4K6cFSGSHO01b3IS2.','BLO','11','9','1'),
                     (127,'Javier','Jent',1111111237,'$2a$10$D/zO082hR5fMsOxqW1mHQ.E7g6KUBWQTqeD4K6cFSGSHO01b3IS2.','BLO','6','23','2'),
                     (128,'Eb','Jamrowicz',1111111238,'$2a$10$D/zO082hR5fMsOxqW1mHQ.E7g6KUBWQTqeD4K6cFSGSHO01b3IS2.','BLO','20','30','1'),
                     (129,'Erek','MacDearmaid',1111111239,'$2a$10$D/zO082hR5fMsOxqW1mHQ.E7g6KUBWQTqeD4K6cFSGSHO01b3IS2.','BLO','12','11','2'),
                     (130,'Marcile','Playfoot',1111111240,'$2a$10$D/zO082hR5fMsOxqW1mHQ.E7g6KUBWQTqeD4K6cFSGSHO01b3IS2.','BLO','14','13','2'),
                     (131,'Andy','Lippett',1111111241,'$2a$10$D/zO082hR5fMsOxqW1mHQ.E7g6KUBWQTqeD4K6cFSGSHO01b3IS2.','BLO','4','9','1'),
                     (132,'Hedy','Atherley',1111111242,'$2a$10$D/zO082hR5fMsOxqW1mHQ.E7g6KUBWQTqeD4K6cFSGSHO01b3IS2.','BLO','14','17','2'),
                     (133,'Anastassia','Santacrole',1111111243,'$2a$10$D/zO082hR5fMsOxqW1mHQ.E7g6KUBWQTqeD4K6cFSGSHO01b3IS2.','BLO','7','14','2'),
                     (134,'Koral','Redgewell',1111111244,'$2a$10$D/zO082hR5fMsOxqW1mHQ.E7g6KUBWQTqeD4K6cFSGSHO01b3IS2.','BLO','20','22','1'),
                     (135,'Augy','Carlone',1111111245,'$2a$10$D/zO082hR5fMsOxqW1mHQ.E7g6KUBWQTqeD4K6cFSGSHO01b3IS2.','BLO','11','37','1'),
                     (136,'Jorey','Haggeth',1111111246,'$2a$10$D/zO082hR5fMsOxqW1mHQ.E7g6KUBWQTqeD4K6cFSGSHO01b3IS2.','BLO','14','17','1'),
                     (137,'Marcelo','Krahl',1111111247,'$2a$10$D/zO082hR5fMsOxqW1mHQ.E7g6KUBWQTqeD4K6cFSGSHO01b3IS2.','BLO','5','17','2'),
                     (138,'Budd','Martinovsky',1111111248,'$2a$10$D/zO082hR5fMsOxqW1mHQ.E7g6KUBWQTqeD4K6cFSGSHO01b3IS2.','BLO','12','1','2'),
                     (139,'Tasha','Noke',1111111249,'$2a$10$D/zO082hR5fMsOxqW1mHQ.E7g6KUBWQTqeD4K6cFSGSHO01b3IS2.','BLO','14','7','1'),
                     (140,'Alta','Bunhill',1111111250,'$2a$10$D/zO082hR5fMsOxqW1mHQ.E7g6KUBWQTqeD4K6cFSGSHO01b3IS2.','BLO','9','6','1'),
                     (141,'Philis','Margiotta',1111111251,'$2a$10$D/zO082hR5fMsOxqW1mHQ.E7g6KUBWQTqeD4K6cFSGSHO01b3IS2.','BLO','11','5','1'),
                     (142,'Concordia','Skiplorne',1111111252,'$2a$10$D/zO082hR5fMsOxqW1mHQ.E7g6KUBWQTqeD4K6cFSGSHO01b3IS2.','BLO','6','32','1'),
                     (143,'Beauregard','Mager',1111111253,'$2a$10$D/zO082hR5fMsOxqW1mHQ.E7g6KUBWQTqeD4K6cFSGSHO01b3IS2.','BLO','2','23','2'),
                     (144,'Robinett','Pattesall',1111111254,'$2a$10$D/zO082hR5fMsOxqW1mHQ.E7g6KUBWQTqeD4K6cFSGSHO01b3IS2.','BLO','20','1','2'),
                     (145,'Marcella','McKinney',1111111255,'$2a$10$D/zO082hR5fMsOxqW1mHQ.E7g6KUBWQTqeD4K6cFSGSHO01b3IS2.','BLO','1','36','1'),
                     (146,'Wendall','Lugden',1111111256,'$2a$10$D/zO082hR5fMsOxqW1mHQ.E7g6KUBWQTqeD4K6cFSGSHO01b3IS2.','BLO','12','23','1'),
                     (147,'Ardeen','Vlasyev',1111111257,'$2a$10$D/zO082hR5fMsOxqW1mHQ.E7g6KUBWQTqeD4K6cFSGSHO01b3IS2.','BLO','17','3','1'),
                     (148,'Lanna','Palfreman',1111111258,'$2a$10$D/zO082hR5fMsOxqW1mHQ.E7g6KUBWQTqeD4K6cFSGSHO01b3IS2.','BLO','3','8','1'),
                     (149,'Lucio','Dougharty',1111111259,'$2a$10$D/zO082hR5fMsOxqW1mHQ.E7g6KUBWQTqeD4K6cFSGSHO01b3IS2.','BLO','16','11','1'),
                     (150,'Ritchie','Vogl',1111111260,'$2a$10$D/zO082hR5fMsOxqW1mHQ.E7g6KUBWQTqeD4K6cFSGSHO01b3IS2.','BLO','6','4','1'),
                     (151,'Nariko','Reimer',1111111261,'$2a$10$D/zO082hR5fMsOxqW1mHQ.E7g6KUBWQTqeD4K6cFSGSHO01b3IS2.','BLO','1','27','2'),
                     (152,'Thorvald','Ekell',1111111262,'$2a$10$D/zO082hR5fMsOxqW1mHQ.E7g6KUBWQTqeD4K6cFSGSHO01b3IS2.','BLO','17','40','2'),
                     (153,'Matilda','Twinn',1111111263,'$2a$10$D/zO082hR5fMsOxqW1mHQ.E7g6KUBWQTqeD4K6cFSGSHO01b3IS2.','BLO','15','18','1'),
                     (154,'Mickie','Black',1111111264,'$2a$10$D/zO082hR5fMsOxqW1mHQ.E7g6KUBWQTqeD4K6cFSGSHO01b3IS2.','BLO','19','25','1'),
                     (155,'Raymund','Acomb',1111111265,'$2a$10$D/zO082hR5fMsOxqW1mHQ.E7g6KUBWQTqeD4K6cFSGSHO01b3IS2.','BLO','5','25','2'),
                     (156,'Aldwin','Gilpin',1111111266,'$2a$10$D/zO082hR5fMsOxqW1mHQ.E7g6KUBWQTqeD4K6cFSGSHO01b3IS2.','BLO','2','24','1'),
                     (157,'Felipe','Ducham',1111111267,'$2a$10$D/zO082hR5fMsOxqW1mHQ.E7g6KUBWQTqeD4K6cFSGSHO01b3IS2.','BLO','19','30','1'),
                     (158,'Merry','Jacques',1111111268,'$2a$10$D/zO082hR5fMsOxqW1mHQ.E7g6KUBWQTqeD4K6cFSGSHO01b3IS2.','BLO','14','16','1'),
                     (159,'Maryl','Runcieman',1111111269,'$2a$10$D/zO082hR5fMsOxqW1mHQ.E7g6KUBWQTqeD4K6cFSGSHO01b3IS2.','BLO','3','13','1'),
                     (160,'Leslie','Klein',1111111270,'$2a$10$D/zO082hR5fMsOxqW1mHQ.E7g6KUBWQTqeD4K6cFSGSHO01b3IS2.','BLO','12','39','1'),
                     (161,'Tabbitha','Kerins',1111111271,'$2a$10$D/zO082hR5fMsOxqW1mHQ.E7g6KUBWQTqeD4K6cFSGSHO01b3IS2.','BLO','3','31','2'),
                     (162,'Reeva','Hand',1111111272,'$2a$10$D/zO082hR5fMsOxqW1mHQ.E7g6KUBWQTqeD4K6cFSGSHO01b3IS2.','BLO','14','11','2'),
                     (163,'Ardeen','Gauthorpp',1111111273,'$2a$10$D/zO082hR5fMsOxqW1mHQ.E7g6KUBWQTqeD4K6cFSGSHO01b3IS2.','BLO','11','36','1'),
                     (164,'Pammy','Rontsch',1111111274,'$2a$10$D/zO082hR5fMsOxqW1mHQ.E7g6KUBWQTqeD4K6cFSGSHO01b3IS2.','BLO','14','35','2'),
                     (165,'Gregoor','Cahalin',1111111275,'$2a$10$D/zO082hR5fMsOxqW1mHQ.E7g6KUBWQTqeD4K6cFSGSHO01b3IS2.','BLO','11','15','2'),
                     (166,'Giuseppe','Farrand',1111111276,'$2a$10$D/zO082hR5fMsOxqW1mHQ.E7g6KUBWQTqeD4K6cFSGSHO01b3IS2.','BLO','8','33','2'),
                     (167,'Guntar','Coulthard',1111111277,'$2a$10$D/zO082hR5fMsOxqW1mHQ.E7g6KUBWQTqeD4K6cFSGSHO01b3IS2.','BLO','10','13','1'),
                     (168,'Morly','Brimson',1111111278,'$2a$10$D/zO082hR5fMsOxqW1mHQ.E7g6KUBWQTqeD4K6cFSGSHO01b3IS2.','BLO','3','27','1'),
                     (169,'Ketty','Gilgryst',1111111279,'$2a$10$D/zO082hR5fMsOxqW1mHQ.E7g6KUBWQTqeD4K6cFSGSHO01b3IS2.','BLO','19','18','1'),
                     (170,'Dela','Laurence',1111111280,'$2a$10$D/zO082hR5fMsOxqW1mHQ.E7g6KUBWQTqeD4K6cFSGSHO01b3IS2.','BLO','7','32','1'),
                     (171,'Dieter','Divall',1111111281,'$2a$10$D/zO082hR5fMsOxqW1mHQ.E7g6KUBWQTqeD4K6cFSGSHO01b3IS2.','BLO','1','36','2'),
                     (172,'Dannie','Lindenboim',1111111282,'$2a$10$D/zO082hR5fMsOxqW1mHQ.E7g6KUBWQTqeD4K6cFSGSHO01b3IS2.','BLO','18','37','1'),
                     (173,'Bari','Comolli',1111111283,'$2a$10$D/zO082hR5fMsOxqW1mHQ.E7g6KUBWQTqeD4K6cFSGSHO01b3IS2.','BLO','19','4','1'),
                     (174,'Ethe','Bentson',1111111284,'$2a$10$D/zO082hR5fMsOxqW1mHQ.E7g6KUBWQTqeD4K6cFSGSHO01b3IS2.','BLO','11','6','2'),
                     (175,'Eda','Beincken',1111111285,'$2a$10$D/zO082hR5fMsOxqW1mHQ.E7g6KUBWQTqeD4K6cFSGSHO01b3IS2.','BLO','7','8','1'),
                     (176,'Lem','Hartridge',1111111286,'$2a$10$D/zO082hR5fMsOxqW1mHQ.E7g6KUBWQTqeD4K6cFSGSHO01b3IS2.','BLO','15','33','2'),
                     (177,'Raye','McGarvie',1111111287,'$2a$10$D/zO082hR5fMsOxqW1mHQ.E7g6KUBWQTqeD4K6cFSGSHO01b3IS2.','BLO','4','20','1'),
                     (178,'Becka','Boor',1111111288,'$2a$10$D/zO082hR5fMsOxqW1mHQ.E7g6KUBWQTqeD4K6cFSGSHO01b3IS2.','BLO','17','23','1'),
                     (179,'Nickola','Smeeth',1111111289,'$2a$10$D/zO082hR5fMsOxqW1mHQ.E7g6KUBWQTqeD4K6cFSGSHO01b3IS2.','BLO','8','3','1'),
                     (180,'Calley','Pitsall',1111111290,'$2a$10$D/zO082hR5fMsOxqW1mHQ.E7g6KUBWQTqeD4K6cFSGSHO01b3IS2.','BLO','14','20','2'),
                     (181,'Daryl','Marginson',1111111291,'$2a$10$D/zO082hR5fMsOxqW1mHQ.E7g6KUBWQTqeD4K6cFSGSHO01b3IS2.','BLO','8','11','2'),
                     (182,'Melvyn','Janas',1111111292,'$2a$10$D/zO082hR5fMsOxqW1mHQ.E7g6KUBWQTqeD4K6cFSGSHO01b3IS2.','BLO','4','8','2'),
                     (183,'Francklyn','Djuricic',1111111293,'$2a$10$D/zO082hR5fMsOxqW1mHQ.E7g6KUBWQTqeD4K6cFSGSHO01b3IS2.','BLO','17','12','2'),
                     (184,'Selia','Dilke',1111111294,'$2a$10$D/zO082hR5fMsOxqW1mHQ.E7g6KUBWQTqeD4K6cFSGSHO01b3IS2.','BLO','2','34','2'),
                     (185,'Allissa','Lighten',1111111295,'$2a$10$D/zO082hR5fMsOxqW1mHQ.E7g6KUBWQTqeD4K6cFSGSHO01b3IS2.','BLO','14','17','2'),
                     (186,'Giulia','Gambell',1111111296,'$2a$10$D/zO082hR5fMsOxqW1mHQ.E7g6KUBWQTqeD4K6cFSGSHO01b3IS2.','BLO','2','24','1'),
                     (187,'Adams','Bendall',1111111297,'$2a$10$D/zO082hR5fMsOxqW1mHQ.E7g6KUBWQTqeD4K6cFSGSHO01b3IS2.','BLO','2','24','1'),
                     (188,'Jeromy','Willmer',1111111298,'$2a$10$D/zO082hR5fMsOxqW1mHQ.E7g6KUBWQTqeD4K6cFSGSHO01b3IS2.','BLO','4','13','1'),
                     (189,'Brande','Maffin',1111111299,'$2a$10$D/zO082hR5fMsOxqW1mHQ.E7g6KUBWQTqeD4K6cFSGSHO01b3IS2.','BLO','11','12','2'),
                     (190,'Aggi','Gass',1111111300,'$2a$10$D/zO082hR5fMsOxqW1mHQ.E7g6KUBWQTqeD4K6cFSGSHO01b3IS2.','BLO','5','24','1'),
                     (191,'Max','Kroger',1111111301,'$2a$10$D/zO082hR5fMsOxqW1mHQ.E7g6KUBWQTqeD4K6cFSGSHO01b3IS2.','BLO','20','27','1'),
                     (192,'Cristal','Nangle',1111111302,'$2a$10$D/zO082hR5fMsOxqW1mHQ.E7g6KUBWQTqeD4K6cFSGSHO01b3IS2.','BLO','3','2','2'),
                     (193,'Brewster','Korneichik',1111111303,'$2a$10$D/zO082hR5fMsOxqW1mHQ.E7g6KUBWQTqeD4K6cFSGSHO01b3IS2.','BLO','19','18','1'),
                     (194,'Doyle','Biernacki',1111111304,'$2a$10$D/zO082hR5fMsOxqW1mHQ.E7g6KUBWQTqeD4K6cFSGSHO01b3IS2.','BLO','2','15','1'),
                     (195,'Tiertza','Mantione',1111111305,'$2a$10$D/zO082hR5fMsOxqW1mHQ.E7g6KUBWQTqeD4K6cFSGSHO01b3IS2.','BLO','11','37','2'),
                     (196,'Kim','Clendinning',1111111306,'$2a$10$D/zO082hR5fMsOxqW1mHQ.E7g6KUBWQTqeD4K6cFSGSHO01b3IS2.','BLO','7','34','2'),
                     (197,'Blake','Radmore',1111111307,'$2a$10$D/zO082hR5fMsOxqW1mHQ.E7g6KUBWQTqeD4K6cFSGSHO01b3IS2.','BLO','3','39','1'),
                     (198,'Lane','Kindle',1111111308,'$2a$10$D/zO082hR5fMsOxqW1mHQ.E7g6KUBWQTqeD4K6cFSGSHO01b3IS2.','BLO','4','36','1'),
                     (199,'Brand','MacElane',1111111309,'$2a$10$D/zO082hR5fMsOxqW1mHQ.E7g6KUBWQTqeD4K6cFSGSHO01b3IS2.','BLO','13','25','1'),
                     (200,'Lurline','Sidwell',1111111310,'$2a$10$D/zO082hR5fMsOxqW1mHQ.E7g6KUBWQTqeD4K6cFSGSHO01b3IS2.','BLO','9','18','1');

INSERT INTO Users(user_id, first_name, last_name, mobile_number,password, user_role, constituency_id, district_id) VALUES
                     (201,'Kellby','Farfoot',1111111311,'$2a$10$D/zO082hR5fMsOxqW1mHQ.E7g6KUBWQTqeD4K6cFSGSHO01b3IS2.','RO','9','2'),
                     (202,'Dave','Van der Baaren',1111111312,'$2a$10$D/zO082hR5fMsOxqW1mHQ.E7g6KUBWQTqeD4K6cFSGSHO01b3IS2.','RO','29','2'),
                     (203,'Ray','Tipping',1111111313,'$2a$10$D/zO082hR5fMsOxqW1mHQ.E7g6KUBWQTqeD4K6cFSGSHO01b3IS2.','RO','13','1'),
                     (204,'Cally','Beswetherick',1111111314,'$2a$10$D/zO082hR5fMsOxqW1mHQ.E7g6KUBWQTqeD4K6cFSGSHO01b3IS2.','RO','37','1'),
                     (205,'Johann','Hadny',1111111315,'$2a$10$D/zO082hR5fMsOxqW1mHQ.E7g6KUBWQTqeD4K6cFSGSHO01b3IS2.','RO','20','1'),
                     (206,'Rosalinda','Hamner',1111111316,'$2a$10$D/zO082hR5fMsOxqW1mHQ.E7g6KUBWQTqeD4K6cFSGSHO01b3IS2.','RO','22','2'),
                     (207,'Hally','Mingame',1111111317,'$2a$10$D/zO082hR5fMsOxqW1mHQ.E7g6KUBWQTqeD4K6cFSGSHO01b3IS2.','RO','31','2'),
                     (208,'Urbain','Randals',1111111318,'$2a$10$D/zO082hR5fMsOxqW1mHQ.E7g6KUBWQTqeD4K6cFSGSHO01b3IS2.','RO','9','1'),
                     (209,'Amby','Cracie',1111111319,'$2a$10$D/zO082hR5fMsOxqW1mHQ.E7g6KUBWQTqeD4K6cFSGSHO01b3IS2.','RO','28','2'),
                     (210,'Andy','Baylay',1111111320,'$2a$10$D/zO082hR5fMsOxqW1mHQ.E7g6KUBWQTqeD4K6cFSGSHO01b3IS2.','RO','5','2');

INSERT INTO Users(user_id, first_name, last_name, mobile_number,password, user_role, district_id) VALUES
                     (211,'Adamsss','Elviee',1111111321,'$2a$10$D/zO082hR5fMsOxqW1mHQ.E7g6KUBWQTqeD4K6cFSGSHO01b3IS2.','DEO','1'),
                     (212,'Emanuel','Josh',1111111322,'$2a$10$D/zO082hR5fMsOxqW1mHQ.E7g6KUBWQTqeD4K6cFSGSHO01b3IS2.','DEO','2');

INSERT INTO Users(user_id, first_name, last_name, mobile_number,password, user_role) VALUES
                     (213,'Cooper','Duke',1111111323,'$2a$10$D/zO082hR5fMsOxqW1mHQ.E7g6KUBWQTqeD4K6cFSGSHO01b3IS2.','CEO');

-- Inserting data into Voter table
INSERT INTO Voter(list_sl_no, sl_no_in_part, epic_no, first_name, last_name, relative_first_name, relative_last_name, rln_type, gender, age, dob, c_house_no, constituency_id, constituency_name, part_id, part_name, section_no, pwd_yn, age_above_80_yn) VALUES
                      (1,13,'RCA0370171','Amrut','Ganjigatti','Narayan','Ganjigatti','F','M',46,'1900-01-01',3,39,'Sanguem',1,'Govt.Primary School Mugoli',1,'N','N'),
                      (2,14,'RCA0200832','Ankush','Ganjigatti','Narayan','Ganjigatti','F','M',45,'1974-03-29',3,39,'Sanguem',1,'Govt.Primary School Mugoli',1,'N','N'),
                      (3,15,'JFF4923926','Ankita','Ganjigatti','Amruth','Ganjigatti','H','F',38,'1900-01-01',3,39,'Sanguem',1,'Govt.Primary School Mugoli',1,'N','N'),
                      (4,16,'LJN1474048','Prashanti','D''Souza','Uddesh','D''Souza','H','F',34,'1986-02-27',4,39,'Sanguem',1,'Govt.Primary School Mugoli',1,'N','N'),
                      (5,30,'RCA0370239','Radha','Bhaskar','Krishna','Bhaskar','H','F',53,'1900-01-01',6,39,'Sanguem',1,'Govt.Primary School Mugoli',1,'N','N'),
                      (6,31,'RCA0263038','Gauresh','Bhaskar','Krishna','Bhaskar','F','M',27,'1993-03-25',6,39,'Sanguem',1,'Govt.Primary School Mugoli',1,'N','N'),
                      (7,32,'RCA0377408','Chaitanya','Dessai','Krishna','Dessai','F','M',19,'2001-11-27',6,39,'Sanguem',1,'Govt.Primary School Mugoli',1,'N','N'),
                      (8,33,'MGX5455639','Savita','Dessai','Apa','Dessai','H','F',37,'1983-11-21',7,39,'Sanguem',1,'Govt.Primary School Mugoli',1,'N','N'),
                      (9,46,'RCA0201681','Ratan','Aguiar','Redio','Aguiar','F','F',58,'1900-01-01',9,39,'Sanguem',1,'Govt.Primary School Mugoli',1,'N','N'),
                      (10,47,'JFF2134658','Surekha','Aguiar','Ramdas','Aguiar','H','F',51,'1900-01-01',9,39,'Sanguem',1,'Govt.Primary School Mugoli',1,'N','N'),
                      (13,64,'JFF1205186','Sunil','D''Souza','Sagun','D''Souza','F','M',42,'1900-01-01',12,39,'Sanguem',1,'Govt.Primary School Mugoli',1,'N','N'),
                      (14,65,'JFF1205202','Sandesh','D''Souza','Sagun','D''Souza','F','M',39,'1900-01-01',12,39,'Sanguem',1,'Govt.Primary School Mugoli',1,'N','N'),
                      (15,66,'RCA0281998','Laxmi','D''Souza','Sunil','D''Souza','H','F',32,'1988-07-21',12,39,'Sanguem',1,'Govt.Primary School Mugoli',1,'N','N'),
                      (16,80,'RCA0263046','Jaiwant','Naik','Arjun','Naik','F','M',27,'1993-01-21',14,39,'Sanguem',1,'Govt.Primary School Mugoli',1,'N','N'),
                      (17,81,'RCA0294769','Pratiksha','Naik','Arjun','Naik','F','F',25,'1995-04-18',14,39,'Sanguem',1,'Govt.Primary School Mugoli',1,'N','N'),
                      (18,82,'RCA0370247','Yamuna','Naik','Raghunath','Naik','H','F',74,'1900-01-01',15,39,'Sanguem',1,'Govt.Primary School Mugoli',1,'N','N'),
                      (19,83,'RCA0370395','Prakash','Naik','Raghunath','Naik','F','M',51,'1900-01-01',15,39,'Sanguem',1,'Govt.Primary School Mugoli',1,'N','N'),
                      (20,97,'RCA0321489','Gajain','Rodrigues','Vishwas','Antao Dos Reis','F','M',20,'2000-11-14',19,39,'Sanguem',1,'Govt.Primary School Mugoli',1,'N','N');

INSERT INTO Voter(list_sl_no, sl_no_in_part, epic_no, first_name, last_name, relative_first_name, relative_last_name, rln_type, gender, age, dob, c_house_no, constituency_id, constituency_name, part_id, part_name, section_no, pwd_yn, age_above_80_yn, category) VALUES
        (11,49,'RCA0200469','Padmavati','Almedia','Nagu','Almedia','H','F',71,'1900-01-01',10,39,'Sanguem',1,'Govt.Primary School Mugoli',1,'Y','N','AVPD'),
        (12,63,'RCA0370304','Satywati','Serrao','Sagun','Serrao','H','F',71,'1900-01-01',12,39,'Sanguem',1,'Govt.Primary School Mugoli',1,'Y','N','AVPD'),
        (21,399,'JFF0030197','Lilawati','Mascarenhas','Topiyo','Mascarenhas','H','F',82,'1900-01-01',83,39,'Sanguem',1,'Govt.Primary School Mugoli',4,'N','Y','AVSC');